,Rank,Player,From,To,G,MP,PTS,TRB,AST,STL,BLK,FG%,3P%,FT%,WS,WS/48,Position,HoF,Years Played
0,1.0,Michael Jordan,1985.0,2003.0,1072.0,38.3,30.1,6.2,5.3,2.3,0.8,0.49700000000000005,0.327,0.835,214.0,0.25,SG,1,18.0
1,2.0,Wilt Chamberlain,1960.0,1973.0,1045.0,45.8,30.1,22.9,4.4,0.6,1.4,0.54,0.1175,0.511,247.3,0.248,C,1,13.0
2,3.0,Bill Russell,1957.0,1969.0,963.0,42.3,15.1,22.5,4.3,0.6,1.4,0.44,0.1175,0.561,163.5,0.193,C,1,12.0
3,4.0,Shaquille O'Neal,1993.0,2011.0,1207.0,34.7,23.7,10.9,2.5,0.6,2.3,0.5820000000000001,0.045,0.527,181.7,0.20800000000000002,C,1,18.0
4,5.0,Oscar Robertson,1961.0,1974.0,1040.0,42.2,25.7,7.5,9.5,1.1,0.1,0.485,0.325,0.838,189.2,0.207,PG,1,13.0
5,6.0,Magic Johnson,1980.0,1996.0,906.0,36.7,19.5,7.2,11.2,1.9,0.4,0.52,0.303,0.848,155.8,0.225,PG,1,16.0
6,7.0,Kareem Abdul-Jabbar,1970.0,1989.0,1560.0,36.8,24.6,11.2,3.6,0.9,2.6,0.5589999999999999,0.055999999999999994,0.721,273.4,0.228,C,1,19.0
7,8.0,Tim Duncan,1998.0,2016.0,1392.0,34.0,19.0,10.8,3.0,0.7,2.2,0.506,0.179,0.696,206.4,0.209,C,0,18.0
8,9.0,Larry Bird,1980.0,1992.0,897.0,38.4,24.3,10.0,6.3,1.7,0.8,0.496,0.376,0.8859999999999999,145.8,0.203,PF,1,12.0
9,10.0,Kobe Bryant,1997.0,2016.0,1346.0,36.1,25.0,5.2,4.7,1.4,0.5,0.447,0.32899999999999996,0.8370000000000001,172.7,0.17,SG,0,19.0
10,11.0,Jerry West,1961.0,1974.0,932.0,39.2,27.0,5.8,6.7,2.6,0.7,0.474,0.325,0.8140000000000001,162.6,0.213,PG,1,13.0
11,12.0,Elgin Baylor,1959.0,1972.0,846.0,40.0,27.4,13.5,4.3,1.0,0.4,0.431,0.3305,0.78,104.2,0.14800000000000002,SF,1,13.0
12,13.0,Hakeem Olajuwon,1985.0,2002.0,1238.0,35.7,21.8,11.1,2.5,1.7,3.1,0.512,0.20199999999999999,0.7120000000000001,162.8,0.177,C,1,17.0
13,14.0,Bob Pettit,1955.0,1965.0,792.0,38.8,26.4,16.2,3.0,0.8,0.8,0.436,0.17600000000000002,0.7609999999999999,136.0,0.213,PF,1,10.0
14,15.0,Moses Malone,1977.0,1995.0,1329.0,33.9,20.6,12.2,1.4,0.8,1.3,0.491,0.1,0.769,167.1,0.17800000000000002,PF,1,18.0
15,16.0,Julius Erving,1977.0,1987.0,836.0,34.3,22.0,6.7,3.9,1.8,1.5,0.507,0.261,0.777,106.2,0.17800000000000002,SF,1,10.0
16,17.0,John Havlicek,1963.0,1978.0,1270.0,36.6,20.8,6.3,4.8,1.2,0.3,0.439,0.3305,0.815,131.7,0.136,SF,1,15.0
17,18.0,Karl Malone,1986.0,2004.0,1476.0,37.2,25.0,10.1,3.6,1.4,0.8,0.516,0.27399999999999997,0.742,234.6,0.205,PF,1,18.0
18,19.0,Isiah Thomas,1982.0,1994.0,979.0,36.3,19.2,3.6,9.3,1.9,0.3,0.452,0.29,0.759,80.7,0.109,PG,1,12.0
19,20.0,Charles Barkley,1985.0,2000.0,1073.0,36.7,22.1,11.7,3.9,1.5,0.8,0.541,0.266,0.735,177.2,0.21600000000000003,PF,1,15.0
20,21.0,Rick Barry,1966.0,1980.0,794.0,36.3,23.2,6.5,5.1,2.0,0.5,0.449,0.33,0.9,93.4,0.156,SF,1,14.0
21,22.0,John Stockton,1985.0,2003.0,1504.0,31.8,13.1,2.7,10.5,2.2,0.2,0.515,0.384,0.826,207.7,0.209,PG,1,18.0
22,23.0,Elvin Hayes,1969.0,1984.0,1303.0,38.4,21.0,12.5,1.8,1.0,2.0,0.452,0.147,0.67,120.8,0.11599999999999999,PF,0,15.0
23,24.0,Bob Cousy,1951.0,1970.0,924.0,35.3,18.4,5.2,7.5,1.3,0.1,0.375,0.325,0.8029999999999999,91.1,0.139,PG,1,19.0
24,25.0,David Robinson,1990.0,2003.0,987.0,34.7,21.1,10.6,2.5,1.4,3.0,0.518,0.25,0.736,178.7,0.25,C,1,13.0
25,26.0,Kevin McHale,1981.0,1993.0,971.0,31.0,17.9,7.3,1.7,0.4,1.7,0.5539999999999999,0.261,0.7979999999999999,113.0,0.18,PF,1,12.0
26,27.0,Scottie Pippen,1988.0,2004.0,1178.0,34.9,16.1,6.4,5.2,2.0,0.8,0.473,0.326,0.7040000000000001,125.1,0.146,SF,1,16.0
27,28.0,Jason Kidd,1995.0,2013.0,1391.0,36.0,12.6,6.3,8.7,1.9,0.3,0.4,0.349,0.785,138.6,0.133,PG,1,18.0
28,29.0,George Mikan,1949.0,1956.0,439.0,34.4,23.1,13.4,2.8,0.6,1.4,0.40399999999999997,0.1175,0.782,108.7,0.249,C,1,7.0
29,30.0,Kevin Garnett,1996.0,2016.0,1462.0,34.5,17.8,10.0,3.7,1.3,1.4,0.49700000000000005,0.275,0.789,191.4,0.182,PF,0,20.0
30,31.0,LeBron James,2004.0,2019.0,1198.0,38.6,27.2,7.4,7.2,1.6,0.8,0.504,0.34299999999999997,0.736,226.6,0.235,SF,0,15.0
31,32.0,Willis Reed,1965.0,1974.0,650.0,35.5,18.7,12.9,1.8,0.6,1.1,0.47600000000000003,0.17600000000000002,0.747,74.9,0.156,PF,1,9.0
32,33.0,Wes Unseld,1969.0,1981.0,984.0,36.4,10.8,14.0,3.9,1.1,0.6,0.509,0.5,0.633,110.1,0.147,PF,1,12.0
33,34.0,Nate Thurmond,1964.0,1977.0,964.0,37.2,15.0,15.0,2.7,0.5,2.1,0.42100000000000004,0.17600000000000002,0.667,78.0,0.10400000000000001,PF,1,13.0
34,35.0,Dolph Schayes,1950.0,1964.0,996.0,34.4,18.5,12.1,3.1,0.8,0.8,0.38,0.17600000000000002,0.8490000000000001,142.4,0.192,PF,1,14.0
35,36.0,Walt Frazier,1968.0,1980.0,825.0,37.5,18.9,5.9,6.1,1.9,0.2,0.49,0.0,0.7859999999999999,113.5,0.17600000000000002,PG,1,12.0
36,37.0,Patrick Ewing,1986.0,2002.0,1183.0,34.3,21.0,9.8,1.9,1.0,2.4,0.504,0.152,0.74,126.4,0.15,C,1,16.0
37,38.0,Jerry Lucas,1964.0,1974.0,829.0,38.8,17.0,15.6,3.3,0.4,0.3,0.499,0.17600000000000002,0.7829999999999999,98.4,0.147,PF,1,10.0
38,39.0,Gary Payton,1991.0,2007.0,1335.0,35.3,16.3,3.9,6.7,1.8,0.2,0.466,0.317,0.7290000000000001,145.5,0.14800000000000002,PG,1,16.0
39,40.0,Allen Iverson,1997.0,2010.0,914.0,41.1,26.7,3.7,6.2,2.2,0.2,0.425,0.313,0.78,99.0,0.126,PG,1,13.0
40,41.0,Billy Cunningham,1966.0,1976.0,654.0,34.3,20.8,10.1,4.0,1.2,0.5,0.446,0.3305,0.72,63.2,0.135,SF,1,10.0
41,42.0,Clyde Drexler,1984.0,1998.0,1086.0,34.6,20.4,6.1,5.6,2.0,0.7,0.47200000000000003,0.318,0.7879999999999999,135.6,0.17300000000000001,SF,1,14.0
42,43.0,Dominique Wilkins,1983.0,1999.0,1074.0,35.5,24.8,6.7,2.5,1.3,0.6,0.461,0.319,0.8109999999999999,117.5,0.14800000000000002,SF,1,16.0
43,44.0,Dave Cowens,1971.0,1983.0,766.0,38.6,17.6,13.6,3.8,1.1,0.9,0.46,0.071,0.7829999999999999,86.3,0.14,PF,1,12.0
44,45.0,George Gervin,1977.0,1986.0,791.0,33.5,26.2,4.6,2.8,1.2,0.8,0.511,0.297,0.8440000000000001,88.1,0.159,SG,1,9.0
45,46.0,Bob McAdoo,1973.0,1986.0,852.0,33.2,22.1,9.4,2.3,1.0,1.5,0.503,0.081,0.754,89.1,0.151,PF,1,13.0
46,47.0,Earl Monroe,1968.0,1980.0,926.0,32.0,18.8,3.0,3.9,1.0,0.3,0.46399999999999997,0.325,0.807,77.4,0.125,PG,0,12.0
47,48.0,Dennis Rodman,1987.0,2000.0,911.0,31.7,7.3,13.1,1.8,0.7,0.6,0.521,0.231,0.584,89.8,0.15,SF,1,13.0
48,49.0,Dwyane Wade,2004.0,2019.0,1054.0,33.9,22.0,4.7,5.4,1.5,0.8,0.48,0.293,0.765,120.7,0.162,SG,0,15.0
49,50.0,Steve Nash,1997.0,2014.0,1217.0,31.3,14.3,3.0,8.5,0.7,0.1,0.49,0.428,0.904,129.7,0.16399999999999998,PG,1,17.0
50,51.0,Walt Bellamy,1962.0,1975.0,1043.0,37.3,20.1,13.7,2.4,0.7,0.6,0.516,0.1175,0.632,130.0,0.16,C,1,13.0
51,52.0,Tiny Archibald,1971.0,1984.0,876.0,35.6,18.8,2.3,7.4,1.1,0.1,0.467,0.22399999999999998,0.81,83.4,0.128,PG,0,13.0
52,53.0,Dennis Johnson,1977.0,1990.0,1100.0,32.7,14.1,3.9,5.0,1.3,0.6,0.445,0.172,0.797,82.6,0.11,PG,1,13.0
53,54.0,Reggie Miller,1988.0,2005.0,1389.0,34.3,18.2,3.0,3.0,1.1,0.2,0.47100000000000003,0.395,0.888,174.4,0.17600000000000002,SG,1,17.0
54,55.0,Dirk Nowitzki,1999.0,2019.0,1522.0,33.8,20.7,7.5,2.4,0.8,0.8,0.47100000000000003,0.38,0.879,206.3,0.193,PF,0,20.0
55,56.0,Connie Hawkins,1970.0,1976.0,499.0,34.5,16.5,8.0,4.1,1.2,0.8,0.467,0.17600000000000002,0.785,47.5,0.132,PF,1,6.0
56,57.0,Dave Bing,1967.0,1978.0,901.0,36.4,20.3,3.8,6.0,1.3,0.2,0.441,0.325,0.775,68.8,0.10099999999999999,PG,1,11.0
57,58.0,James Worthy,1983.0,1994.0,926.0,32.4,17.6,5.1,3.0,1.1,0.7,0.521,0.24100000000000002,0.769,81.2,0.13,SF,1,11.0
58,59.0,Hal Greer,1959.0,1973.0,1122.0,35.5,19.2,5.0,4.0,1.3,0.1,0.452,0.325,0.8009999999999999,102.7,0.124,PG,1,14.0
59,60.0,Pete Maravich,1971.0,1980.0,658.0,37.0,24.2,4.2,5.4,1.4,0.3,0.441,0.667,0.82,46.7,0.092,SG,1,9.0
60,61.0,Jack Twyman,1956.0,1966.0,823.0,31.8,19.2,6.6,2.3,1.0,0.4,0.45,0.3305,0.778,75.0,0.138,SF,1,10.0
61,62.0,Bob Lanier,1971.0,1984.0,959.0,33.5,20.1,10.1,3.1,1.1,1.5,0.514,0.154,0.767,117.1,0.175,C,1,13.0
62,63.0,David Thompson,1977.0,1984.0,509.0,32.0,22.1,3.8,3.2,0.9,0.8,0.504,0.27699999999999997,0.778,50.8,0.15,SG,1,7.0
63,64.0,Joe Fulks,1947.0,1954.0,489.0,23.4,16.4,5.3,1.2,0.8,0.8,0.302,0.17600000000000002,0.7659999999999999,29.2,-0.045,PF,1,7.0
64,65.0,Sam Jones,1958.0,1969.0,871.0,27.9,17.7,4.9,2.5,1.15,0.2,0.456,0.327,0.8029999999999999,92.3,0.182,SG,1,11.0
65,66.0,Gus Johnson,1964.0,1973.0,581.0,34.7,17.1,12.7,2.7,1.0,0.4,0.44,0.3305,0.6990000000000001,35.8,0.085,SF,1,9.0
66,67.0,Robert Parish,1977.0,1997.0,1611.0,28.4,14.5,9.1,1.4,0.8,1.5,0.537,0.0,0.721,147.0,0.154,C,1,20.0
67,68.0,Tom Heinsohn,1957.0,1965.0,654.0,29.4,18.6,8.8,2.0,1.0,0.4,0.405,0.3305,0.79,60.0,0.15,SF,1,8.0
68,69.0,Bernard King,1978.0,1993.0,874.0,33.7,22.5,5.8,3.3,1.0,0.3,0.518,0.172,0.73,75.4,0.12300000000000001,SF,1,15.0
69,70.0,Bill Sharman,1951.0,1961.0,711.0,32.0,17.8,3.9,3.0,1.15,0.2,0.426,0.327,0.883,82.8,0.17800000000000002,SG,1,10.0
70,71.0,Paul Arizin,1951.0,1962.0,713.0,38.4,22.8,8.6,2.3,1.0,0.4,0.42100000000000004,0.3305,0.81,108.8,0.183,SF,1,11.0
71,72.0,Lenny Wilkens,1961.0,1975.0,1077.0,35.3,16.5,4.7,6.7,1.3,0.2,0.43200000000000005,0.325,0.774,95.5,0.12,PG,0,14.0
72,73.0,Alonzo Mourning,1993.0,2008.0,838.0,31.0,17.1,8.5,1.1,0.5,2.8,0.527,0.247,0.6920000000000001,89.7,0.166,PF,0,15.0
73,74.0,Bill Walton,1975.0,1987.0,468.0,28.3,13.3,10.5,3.4,0.8,2.2,0.521,0.0,0.66,39.3,0.142,C,1,12.0
74,75.0,Neil Johnston,1952.0,1959.0,516.0,35.5,19.4,11.3,2.5,0.6,1.4,0.444,0.1175,0.768,92.0,0.24100000000000002,C,0,7.0
75,76.0,Dave DeBusschere,1963.0,1974.0,875.0,35.7,16.1,11.0,2.9,0.9,0.5,0.43200000000000005,0.3305,0.6990000000000001,60.8,0.09300000000000001,SF,1,11.0
76,77.0,Paul Pierce,1999.0,2017.0,1343.0,34.2,19.7,5.6,3.5,1.3,0.6,0.445,0.368,0.8059999999999999,150.0,0.157,SF,0,18.0
77,78.0,Joe Dumars,1986.0,1999.0,1018.0,34.5,16.1,2.2,4.5,0.9,0.1,0.46,0.382,0.843,86.2,0.11800000000000001,PG,1,13.0
78,79.0,Ray Allen,1997.0,2014.0,1300.0,35.6,18.9,4.1,3.4,1.1,0.2,0.452,0.4,0.894,145.1,0.15,SG,1,17.0
79,80.0,Chris Webber,1994.0,2008.0,831.0,37.1,20.7,9.8,4.2,1.4,1.4,0.479,0.299,0.649,84.7,0.132,PF,0,14.0
80,81.0,Ed Macauley,1950.0,1959.0,641.0,35.7,17.5,7.5,3.2,0.6,1.4,0.436,0.1175,0.7609999999999999,100.4,0.196,C,1,9.0
81,82.0,Alex English,1977.0,1991.0,1193.0,31.9,21.5,5.5,3.6,0.9,0.7,0.507,0.217,0.8320000000000001,100.7,0.127,SF,1,14.0
82,83.0,Adrian Dantley,1977.0,1991.0,955.0,35.8,24.3,5.7,3.0,1.0,0.2,0.54,0.171,0.818,134.2,0.18899999999999997,SF,1,14.0
83,84.0,Artis Gilmore,1977.0,1988.0,909.0,32.7,17.1,10.1,2.0,0.5,1.9,0.599,0.077,0.713,107.4,0.174,C,1,11.0
84,85.0,Cliff Hagan,1957.0,1966.0,745.0,29.2,18.0,6.9,3.0,1.0,0.4,0.45,0.3305,0.7979999999999999,75.1,0.166,SF,1,9.0
85,86.0,Dwight Howard,2005.0,2019.0,1044.0,34.5,17.4,12.6,1.5,0.9,2.0,0.583,0.095,0.5670000000000001,128.9,0.172,PF,0,14.0
86,87.0,Tim Hardaway,1990.0,2003.0,867.0,35.3,17.7,3.3,8.2,1.6,0.1,0.431,0.355,0.782,85.0,0.133,PG,0,13.0
87,88.0,Chris Mullin,1986.0,2001.0,986.0,32.6,18.2,4.1,3.5,1.6,0.6,0.509,0.384,0.865,93.1,0.139,SF,1,15.0
88,89.0,Mitch Richmond,1989.0,2002.0,976.0,35.2,21.0,3.9,3.5,1.2,0.3,0.455,0.38799999999999996,0.85,79.3,0.111,SG,1,13.0
89,90.0,Sidney Moncrief,1980.0,1991.0,767.0,30.2,15.6,4.7,3.6,1.2,0.3,0.502,0.284,0.831,90.3,0.187,PG,1,11.0
90,91.0,Bob Dandridge,1970.0,1982.0,839.0,35.2,18.5,6.8,3.4,1.3,0.6,0.484,0.16699999999999998,0.78,80.3,0.131,SF,0,12.0
91,92.0,Bob Love,1967.0,1977.0,789.0,31.8,17.6,5.9,1.4,0.8,0.2,0.429,0.3305,0.805,50.4,0.096,SF,0,10.0
92,93.0,Jim Pollard,1949.0,1955.0,438.0,35.4,13.2,7.8,3.2,1.0,0.4,0.36,0.3305,0.75,34.9,0.09300000000000001,SF,1,6.0
93,94.0,Spencer Haywood,1971.0,1983.0,760.0,33.7,19.2,9.3,1.8,0.6,1.1,0.465,0.125,0.8,61.4,0.115,PF,1,12.0
94,95.0,Dikembe Mutombo,1992.0,2009.0,1196.0,30.8,9.8,10.3,1.0,0.4,2.8,0.518,0.0,0.684,117.0,0.153,C,1,17.0
95,96.0,Pau Gasol,2002.0,2019.0,1226.0,33.4,17.0,9.2,3.2,0.5,1.6,0.507,0.368,0.753,144.1,0.16899999999999998,C,0,17.0
96,97.0,Tracy McGrady,1998.0,2012.0,938.0,32.7,19.6,5.6,4.4,1.2,0.9,0.435,0.33799999999999997,0.746,97.3,0.152,SF,1,14.0
97,98.0,Grant Hill,1995.0,2013.0,1026.0,33.9,16.7,6.0,4.1,1.2,0.6,0.483,0.314,0.769,99.9,0.138,SG,1,18.0
98,99.0,Vince Carter,1999.0,2019.0,1481.0,30.7,17.2,4.4,3.2,1.0,0.6,0.43700000000000006,0.374,0.7979999999999999,125.5,0.132,SG,0,20.0
99,100.0,Buck Williams,1982.0,1998.0,1307.0,32.5,12.8,10.0,1.3,0.8,0.8,0.5489999999999999,0.16699999999999998,0.664,120.1,0.136,PF,0,16.0
100,101.0,Slater Martin,1950.0,1960.0,745.0,35.9,9.8,3.4,4.2,1.3,0.1,0.364,0.325,0.762,47.5,0.087,PG,1,10.0
101,102.0,Kevin Johnson,1988.0,2000.0,735.0,34.1,17.9,3.3,9.1,1.5,0.2,0.493,0.305,0.841,92.8,0.17800000000000002,PG,0,12.0
102,103.0,Brad Daugherty,1987.0,1994.0,548.0,36.5,19.0,9.5,3.7,0.8,0.7,0.532,0.14300000000000002,0.747,65.2,0.156,C,0,7.0
103,104.0,Walter Davis,1978.0,1992.0,1033.0,27.9,18.9,3.0,3.8,1.2,0.1,0.511,0.272,0.851,76.9,0.128,SF,0,14.0
104,105.0,Carmelo Anthony,2004.0,2019.0,1064.0,35.8,24.0,6.5,3.0,1.0,0.5,0.449,0.34700000000000003,0.8109999999999999,101.0,0.127,SF,0,15.0
105,106.0,Dan Issel,1977.0,1985.0,718.0,31.1,20.4,7.9,2.5,1.0,0.6,0.506,0.253,0.797,82.3,0.177,PF,1,8.0
106,107.0,Chris Paul,2006.0,2019.0,950.0,35.1,18.5,4.5,9.7,2.2,0.1,0.469,0.37,0.868,171.5,0.247,PG,0,13.0
107,108.0,George McGinnis,1976.0,1982.0,528.0,30.7,17.2,9.8,3.8,1.7,0.4,0.44799999999999995,0.08,0.6509999999999999,36.2,0.107,PF,1,6.0
108,109.0,Jamaal Wilkes,1975.0,1986.0,828.0,32.9,17.7,6.2,2.5,1.3,0.3,0.499,0.135,0.759,71.3,0.125,SF,1,11.0
109,110.0,Chet Walker,1963.0,1975.0,1032.0,32.4,18.2,7.1,2.1,0.7,0.1,0.47,0.3305,0.7959999999999999,117.4,0.168,SF,1,12.0
110,111.0,George Yardley,1954.0,1960.0,472.0,33.4,19.2,8.9,1.7,1.0,0.4,0.42200000000000004,0.3305,0.78,58.5,0.17800000000000002,SF,1,6.0
111,112.0,Kevin Porter,1973.0,1983.0,659.0,29.0,11.6,1.8,8.1,1.4,0.1,0.483,0.188,0.737,36.0,0.09,SG,0,10.0
112,113.0,Richie Guerin,1957.0,1970.0,848.0,32.4,17.3,5.0,5.0,1.15,0.2,0.41600000000000004,0.327,0.78,69.2,0.121,SG,1,13.0
113,114.0,Norm Van Lier,1970.0,1979.0,746.0,35.1,11.8,4.8,7.0,1.8,0.2,0.414,0.325,0.78,47.8,0.08800000000000001,PG,0,9.0
114,115.0,Willie Naulls,1957.0,1966.0,716.0,28.8,15.8,9.1,1.6,1.0,0.4,0.406,0.3305,0.812,34.3,0.08,SF,0,9.0
115,116.0,Zelmo Beaty,1963.0,1975.0,570.0,32.2,16.0,10.4,1.5,0.7,0.4,0.469,0.17600000000000002,0.75,58.2,0.152,PF,1,12.0
116,117.0,Marques Johnson,1978.0,1990.0,691.0,34.3,20.1,7.0,3.6,1.3,0.8,0.518,0.152,0.7390000000000001,79.8,0.162,SG,0,12.0
117,118.0,Jo Jo White,1970.0,1981.0,837.0,35.8,17.2,4.0,4.9,1.3,0.2,0.444,0.16699999999999998,0.8340000000000001,54.0,0.087,PG,1,11.0
118,119.0,Jack Sikma,1978.0,1991.0,1107.0,33.4,15.6,9.8,3.2,1.0,0.9,0.46399999999999997,0.32799999999999996,0.8490000000000001,112.5,0.146,C,1,13.0
119,120.0,Tom Chambers,1982.0,1998.0,1107.0,30.6,18.1,6.1,2.1,0.8,0.6,0.46799999999999997,0.307,0.807,79.0,0.11199999999999999,PF,0,16.0
120,121.0,Dick McGuire,1950.0,1960.0,738.0,28.3,8.0,4.2,5.7,1.3,0.1,0.389,0.325,0.644,50.9,0.115,PG,1,10.0
121,122.0,Maurice Cheeks,1979.0,1993.0,1101.0,31.6,11.1,2.8,6.7,2.1,0.3,0.523,0.255,0.7929999999999999,103.5,0.14300000000000002,PG,0,14.0
122,123.0,Ben Wallace,1997.0,2012.0,1088.0,29.5,5.7,9.6,1.3,1.3,2.0,0.474,0.13699999999999998,0.414,93.5,0.14,PF,0,15.0
123,124.0,Chauncey Billups,1998.0,2014.0,1043.0,31.6,15.2,2.9,5.4,1.0,0.2,0.415,0.387,0.894,120.8,0.17600000000000002,PG,0,16.0
124,125.0,Bailey Howell,1960.0,1971.0,950.0,32.2,18.7,9.9,2.0,0.8,0.8,0.48,0.17600000000000002,0.762,114.8,0.18,PF,1,11.0
125,126.0,Lou Hudson,1967.0,1979.0,890.0,33.5,20.2,4.4,2.7,1.4,0.3,0.489,0.3305,0.797,81.0,0.131,SF,0,12.0
126,127.0,Rudy Tomjanovich,1971.0,1981.0,768.0,33.5,17.4,8.1,2.0,0.7,0.3,0.501,0.262,0.784,70.4,0.131,PF,0,10.0
127,128.0,Deron Williams,2006.0,2017.0,845.0,34.2,16.3,3.1,8.1,1.0,0.2,0.445,0.35700000000000004,0.8220000000000001,77.3,0.129,PG,0,11.0
128,129.0,Guy Rodgers,1959.0,1970.0,892.0,32.1,11.7,4.3,7.8,1.3,0.1,0.37799999999999995,0.325,0.721,33.3,0.055999999999999994,PG,1,11.0
129,130.0,Anfernee Hardaway,1994.0,2008.0,704.0,33.7,15.2,4.5,5.0,1.6,0.4,0.45799999999999996,0.316,0.774,61.9,0.125,SG,0,14.0
130,131.0,Phil Chenier,1972.0,1981.0,578.0,33.1,17.2,3.6,3.0,1.6,0.6,0.444,0.4,0.8059999999999999,39.3,0.099,PG,0,9.0
131,132.0,Charlie Scott,1972.0,1980.0,560.0,34.4,17.9,3.6,4.8,1.3,0.3,0.444,0.182,0.772,26.9,0.067,SG,1,8.0
132,133.0,Bob Davies,1949.0,1955.0,462.0,31.3,14.3,2.9,4.9,1.3,0.1,0.37799999999999995,0.325,0.759,49.7,0.14800000000000002,PG,1,6.0
133,134.0,Harry Gallatin,1949.0,1958.0,682.0,31.9,13.0,11.9,1.8,0.6,1.4,0.39799999999999996,0.1175,0.773,78.4,0.182,C,1,9.0
134,135.0,Maurice Lucas,1977.0,1988.0,855.0,29.0,14.4,8.8,2.3,0.7,0.6,0.473,0.111,0.763,58.7,0.114,PF,0,11.0
135,136.0,Larry Foust,1951.0,1962.0,817.0,29.2,13.7,9.8,1.7,0.6,1.4,0.405,0.1175,0.741,74.3,0.153,C,0,11.0
136,137.0,Michael Cooper,1979.0,1990.0,873.0,27.1,8.9,3.2,4.2,1.2,0.6,0.469,0.34,0.833,52.5,0.107,SG,0,11.0
137,138.0,Paul Silas,1965.0,1980.0,1254.0,27.9,9.4,9.9,2.1,0.6,0.2,0.43200000000000005,0.3305,0.6729999999999999,79.9,0.11,SF,0,15.0
138,139.0,Tony Parker,2002.0,2019.0,1254.0,30.5,15.5,2.7,5.6,0.8,0.1,0.491,0.324,0.7509999999999999,111.3,0.14,PG,0,17.0
139,140.0,Metta World Peace,2000.0,2017.0,991.0,31.7,13.2,4.5,2.7,1.7,0.5,0.414,0.33899999999999997,0.715,61.1,0.09300000000000001,SF,0,17.0
140,141.0,Paul Westphal,1973.0,1984.0,823.0,25.5,15.6,1.9,4.4,1.3,0.3,0.504,0.275,0.82,67.7,0.155,PG,0,11.0
141,142.0,Phil Smith,1975.0,1983.0,659.0,29.1,15.1,3.0,3.9,1.1,0.3,0.47600000000000003,0.253,0.779,41.1,0.10300000000000001,SG,0,8.0
142,143.0,Manu Ginóbili,2003.0,2018.0,1057.0,25.4,13.3,3.5,3.8,1.3,0.3,0.447,0.369,0.8270000000000001,106.4,0.19,SG,0,15.0
143,144.0,Amar'e Stoudemire,2003.0,2016.0,846.0,31.0,18.9,7.8,1.2,0.8,1.2,0.537,0.23600000000000002,0.7609999999999999,92.5,0.16899999999999998,PF,0,13.0
144,145.0,Vern Mikkelsen,1950.0,1959.0,699.0,32.5,14.4,9.4,2.2,0.8,0.8,0.40299999999999997,0.17600000000000002,0.7659999999999999,83.4,0.17,PF,1,9.0
145,146.0,Rudy LaRusso,1960.0,1969.0,736.0,33.3,15.6,9.4,2.1,0.8,0.8,0.431,0.17600000000000002,0.767,61.4,0.12,PF,0,9.0
146,147.0,Red Kerr,1955.0,1966.0,905.0,30.7,13.8,11.2,2.2,0.6,1.4,0.418,0.1175,0.723,61.8,0.107,C,0,11.0
147,148.0,Terry Cummings,1983.0,2000.0,1183.0,28.7,16.4,7.3,1.9,1.1,0.5,0.484,0.295,0.706,91.1,0.129,PF,0,17.0
148,149.0,Gus Williams,1976.0,1987.0,825.0,31.1,17.1,2.7,5.6,2.0,0.4,0.461,0.23800000000000002,0.7559999999999999,67.9,0.127,PG,0,11.0
149,150.0,Shawn Kemp,1990.0,2003.0,1051.0,27.9,14.6,8.4,1.6,1.1,1.2,0.488,0.27699999999999997,0.741,89.5,0.147,PF,0,13.0
150,151.0,Horace Grant,1988.0,2004.0,1165.0,33.2,11.2,8.1,2.2,1.0,1.0,0.509,0.063,0.6920000000000001,118.2,0.147,PF,0,16.0
151,152.0,Shawn Marion,2000.0,2015.0,1163.0,34.5,15.2,8.7,1.9,1.5,1.1,0.484,0.331,0.81,124.9,0.15,SF,0,15.0
152,153.0,Gene Shue,1955.0,1964.0,699.0,33.4,14.4,4.1,3.7,1.3,0.1,0.396,0.325,0.8059999999999999,38.9,0.08,PG,0,9.0
153,154.0,Yao Ming,2003.0,2011.0,486.0,32.5,19.0,9.2,1.6,0.4,1.9,0.524,0.2,0.833,65.9,0.2,C,1,8.0
154,155.0,Mark Price,1987.0,1998.0,722.0,29.9,15.2,2.6,6.7,1.2,0.1,0.47200000000000003,0.402,0.904,71.1,0.158,PG,0,11.0
155,156.0,Rasheed Wallace,1996.0,2013.0,1109.0,32.7,14.4,6.7,1.8,1.0,1.3,0.467,0.336,0.721,105.1,0.139,PF,0,17.0
156,157.0,Calvin Murphy,1971.0,1983.0,1002.0,30.5,17.9,2.1,4.4,1.5,0.1,0.48200000000000004,0.139,0.892,84.1,0.132,PG,1,12.0
157,158.0,Bobby Wanzer,1949.0,1957.0,568.0,32.5,12.2,4.5,3.2,1.15,0.2,0.39299999999999996,0.327,0.802,63.9,0.156,SG,1,8.0
158,159.0,Bobby Jones,1977.0,1986.0,774.0,26.1,11.5,5.5,2.4,1.4,1.3,0.55,0.0,0.78,73.7,0.175,PF,1,9.0
159,160.0,Mark Jackson,1988.0,2004.0,1296.0,30.2,9.6,3.8,8.0,1.2,0.1,0.447,0.332,0.77,91.8,0.113,PG,0,16.0
160,161.0,Otis Birdsong,1978.0,1989.0,696.0,31.1,18.0,3.0,3.2,1.2,0.2,0.506,0.27399999999999997,0.655,48.2,0.107,SG,0,11.0
161,162.0,Johnny Green,1960.0,1973.0,1057.0,23.3,11.6,8.6,1.4,0.8,0.8,0.493,0.17600000000000002,0.5529999999999999,58.0,0.113,PF,0,13.0
162,163.0,John Drew,1975.0,1985.0,739.0,29.5,20.7,6.9,1.7,1.4,0.3,0.47,0.175,0.748,68.9,0.152,PF,0,10.0
163,164.0,Tom Gola,1956.0,1966.0,698.0,32.3,11.3,8.0,4.2,1.0,0.4,0.431,0.3305,0.76,53.2,0.113,SF,1,10.0
164,165.0,Larry Nance,1982.0,1994.0,920.0,33.4,17.1,8.0,2.6,0.9,2.2,0.546,0.145,0.755,109.6,0.171,PF,0,12.0
165,166.0,Randy Smith,1972.0,1983.0,976.0,32.2,16.7,3.7,4.6,1.7,0.1,0.47,0.155,0.7809999999999999,60.1,0.092,SG,0,11.0
166,167.0,Terry Porter,1986.0,2002.0,1274.0,27.8,12.2,3.0,5.6,1.2,0.1,0.46299999999999997,0.386,0.836,110.4,0.15,PG,0,16.0
167,168.0,Rolando Blackman,1982.0,1994.0,980.0,32.7,18.0,3.3,3.0,0.7,0.3,0.493,0.34299999999999997,0.84,75.6,0.113,SG,0,12.0
168,169.0,Andy Phillip,1948.0,1958.0,701.0,32.2,9.1,4.4,5.4,1.15,0.2,0.368,0.327,0.695,53.3,0.077,SG,1,10.0
169,170.0,Clyde Lovellette,1954.0,1964.0,704.0,27.1,17.0,9.5,1.6,0.8,0.8,0.44299999999999995,0.17600000000000002,0.757,70.6,0.17800000000000002,PF,1,10.0
170,171.0,Chris Bosh,2004.0,2016.0,893.0,35.8,19.2,8.5,2.0,0.8,1.0,0.494,0.335,0.799,106.0,0.159,PF,0,12.0
171,172.0,Bill Bradley,1968.0,1977.0,742.0,30.7,12.4,3.2,3.4,0.7,0.2,0.44799999999999995,0.3305,0.84,38.8,0.08199999999999999,SF,1,9.0
172,173.0,Larry Johnson,1992.0,2001.0,707.0,36.3,16.2,7.5,3.3,0.7,0.4,0.484,0.332,0.7659999999999999,69.7,0.13,SF,0,9.0
173,174.0,Jermaine O'Neal,1997.0,2014.0,1011.0,27.1,13.2,7.2,1.4,0.5,1.8,0.467,0.147,0.715,66.0,0.11599999999999999,PF,0,17.0
174,175.0,Andrew Toney,1981.0,1988.0,468.0,26.9,15.9,2.2,4.2,0.8,0.2,0.5,0.342,0.797,26.9,0.10300000000000001,SG,0,7.0
175,176.0,Reggie Theus,1979.0,1991.0,1026.0,33.7,18.5,3.3,6.3,1.2,0.2,0.47100000000000003,0.252,0.826,66.9,0.09300000000000001,PG,0,12.0
176,177.0,Elton Brand,2000.0,2016.0,1058.0,33.0,15.9,8.5,2.1,0.9,1.7,0.5,0.095,0.736,109.6,0.151,PF,0,16.0
177,178.0,K.C. Jones,1959.0,1967.0,676.0,25.9,7.4,3.5,4.3,1.3,0.1,0.387,0.325,0.647,38.6,0.106,PG,1,8.0
178,179.0,Jerry Sloan,1966.0,1976.0,755.0,34.1,14.0,7.4,2.5,2.2,0.2,0.42700000000000005,0.3305,0.722,49.5,0.092,SF,0,10.0
179,180.0,Jamal Mashburn,1994.0,2004.0,611.0,37.3,19.1,5.4,4.0,1.0,0.2,0.418,0.345,0.7659999999999999,43.7,0.092,SF,0,10.0
180,181.0,Bob Rule,1968.0,1975.0,403.0,29.4,17.4,8.3,1.5,0.4,0.4,0.461,0.1175,0.6859999999999999,22.7,0.092,C,0,7.0
181,182.0,Derrick Coleman,1991.0,2005.0,781.0,33.2,16.5,9.3,2.5,0.8,1.3,0.447,0.295,0.769,64.3,0.11900000000000001,PF,0,14.0
182,183.0,Gilbert Arenas,2002.0,2012.0,552.0,35.1,20.7,3.9,5.3,1.6,0.2,0.42100000000000004,0.35100000000000003,0.8029999999999999,51.3,0.127,PG,0,10.0
183,184.0,Joe Johnson,2002.0,2018.0,1276.0,34.7,16.0,4.0,3.9,0.8,0.2,0.441,0.371,0.802,82.8,0.09,PF,0,16.0
184,185.0,Joe Caldwell,1965.0,1970.0,468.0,29.6,15.2,5.1,2.7,1.0,0.4,0.45899999999999996,0.3305,0.634,23.9,0.083,SF,0,5.0
185,186.0,Norm Nixon,1978.0,1989.0,768.0,35.5,15.7,2.6,8.3,1.5,0.1,0.483,0.294,0.772,47.6,0.084,PG,0,11.0
186,187.0,Mark Aguirre,1982.0,1994.0,923.0,30.0,20.0,5.0,3.1,0.7,0.3,0.484,0.312,0.741,67.8,0.11699999999999999,SF,0,12.0
187,188.0,Micheal Ray Richardson,1979.0,1986.0,556.0,33.4,14.8,5.5,7.0,2.6,0.4,0.457,0.22,0.69,35.2,0.091,SG,0,7.0
188,189.0,Archie Clark,1967.0,1976.0,725.0,32.5,16.3,3.3,4.8,1.1,0.1,0.48,0.327,0.769,64.7,0.132,SG,0,9.0
189,190.0,Jimmy Walker,1968.0,1976.0,698.0,33.8,16.7,2.7,3.5,1.1,0.2,0.461,0.327,0.8290000000000001,42.9,0.087,SG,0,8.0
190,191.0,Doug Collins,1974.0,1981.0,415.0,33.6,17.9,3.2,3.3,1.2,0.3,0.501,0.0,0.833,38.0,0.131,SG,0,7.0
191,192.0,Kiki Vandeweghe,1981.0,1993.0,810.0,30.3,19.7,3.4,2.1,0.6,0.3,0.525,0.368,0.872,75.6,0.14800000000000002,SF,0,12.0
192,193.0,Larry Kenon,1977.0,1983.0,503.0,30.8,17.0,7.8,2.6,1.3,0.3,0.489,0.1,0.7979999999999999,36.5,0.113,PF,0,6.0
193,194.0,Alvin Robertson,1985.0,1996.0,779.0,31.7,14.0,5.2,5.0,2.7,0.4,0.47700000000000004,0.295,0.743,52.1,0.10099999999999999,SG,0,11.0
194,195.0,Sam Cassell,1994.0,2008.0,993.0,30.0,15.7,3.2,6.0,1.1,0.2,0.45399999999999996,0.331,0.861,87.5,0.141,PG,0,14.0
195,196.0,World B. Free,1976.0,1988.0,886.0,30.4,20.3,2.7,3.7,1.0,0.3,0.456,0.337,0.753,67.7,0.121,SG,0,12.0
196,197.0,Stephon Marbury,1997.0,2009.0,846.0,37.7,19.3,3.0,7.6,1.2,0.1,0.433,0.325,0.784,77.5,0.11699999999999999,PG,0,12.0
197,198.0,Fat Lever,1983.0,1994.0,752.0,31.7,13.9,6.0,6.2,2.2,0.3,0.447,0.31,0.7709999999999999,61.2,0.12300000000000001,PG,0,11.0
198,199.0,Baron Davis,2000.0,2012.0,835.0,34.2,16.1,3.8,7.2,1.8,0.4,0.409,0.32,0.711,63.1,0.106,PG,0,12.0
199,200.0,Bill Bridges,1963.0,1975.0,926.0,33.3,11.9,11.9,2.8,0.7,0.4,0.442,0.17600000000000002,0.693,59.9,0.09300000000000001,PF,0,12.0
200,201.0,Lamar Odom,2000.0,2013.0,961.0,33.4,13.3,8.4,3.7,0.9,0.9,0.46299999999999997,0.312,0.693,77.0,0.115,SF,0,13.0
201,202.0,Kelly Tripucka,1982.0,1991.0,707.0,29.6,17.2,3.8,3.0,1.0,0.2,0.473,0.361,0.8490000000000001,44.4,0.102,SF,0,9.0
202,203.0,Wayne Embry,1959.0,1969.0,831.0,26.2,12.5,9.1,1.4,0.6,1.4,0.44,0.1175,0.64,37.8,0.083,C,1,10.0
203,204.0,Mookie Blaylock,1990.0,2002.0,889.0,34.9,13.5,4.1,6.7,2.3,0.3,0.409,0.336,0.736,71.8,0.111,PG,0,12.0
204,205.0,Alvan Adams,1976.0,1988.0,988.0,27.5,14.1,7.0,4.1,1.3,0.8,0.498,0.133,0.7879999999999999,73.5,0.13,PF,0,12.0
205,206.0,Carlos Boozer,2003.0,2015.0,861.0,31.2,16.2,9.5,2.2,0.9,0.4,0.521,0.071,0.722,80.3,0.14300000000000002,PF,0,12.0
206,207.0,Don Ohl,1961.0,1970.0,727.0,30.8,15.9,3.0,3.1,1.15,0.2,0.434,0.327,0.732,30.2,0.065,SG,0,9.0
207,208.0,Marcus Camby,1997.0,2013.0,973.0,29.5,9.5,9.8,1.9,1.0,2.4,0.466,0.205,0.67,81.6,0.13699999999999998,PF,0,16.0
208,209.0,Rod Strickland,1989.0,2005.0,1094.0,30.7,13.2,3.7,7.3,1.5,0.2,0.45399999999999996,0.282,0.721,85.8,0.122,PG,0,16.0
209,210.0,Carl Braun,1948.0,1962.0,788.0,29.8,13.5,3.4,3.7,1.15,0.2,0.38299999999999995,0.327,0.804,64.3,0.11900000000000001,SG,1,14.0
210,211.0,Jeff Malone,1984.0,1996.0,905.0,32.8,19.0,2.6,2.4,0.6,0.1,0.484,0.268,0.871,54.2,0.08800000000000001,SG,0,12.0
211,212.0,Danny Manning,1989.0,2003.0,883.0,27.4,14.0,5.2,2.3,1.1,0.9,0.511,0.20600000000000002,0.7290000000000001,55.1,0.109,PF,0,14.0
212,213.0,Charles Oakley,1986.0,2004.0,1282.0,31.4,9.7,9.5,2.5,1.1,0.3,0.47100000000000003,0.253,0.7609999999999999,89.7,0.107,PF,0,18.0
213,214.0,Sidney Wicks,1972.0,1981.0,760.0,33.9,16.8,8.7,3.2,1.0,0.7,0.45899999999999996,0.0,0.685,42.4,0.079,PF,0,9.0
214,215.0,John Williamson,1977.0,1981.0,288.0,31.8,20.1,2.5,2.8,1.1,0.2,0.449,0.293,0.833,13.4,0.07,SG,0,4.0
215,216.0,Arnie Risen,1949.0,1958.0,637.0,28.3,12.0,9.7,1.7,0.6,1.4,0.381,0.1175,0.6990000000000001,56.0,0.11900000000000001,C,1,9.0
216,217.0,Cedric Maxwell,1978.0,1988.0,835.0,28.5,12.5,6.3,2.2,0.8,0.5,0.546,0.053,0.784,78.5,0.159,SF,0,10.0
217,218.0,Darrell Griffith,1981.0,1991.0,765.0,28.0,16.2,3.3,2.1,1.2,0.3,0.46299999999999997,0.332,0.7070000000000001,22.0,0.049,SG,0,10.0
218,219.0,Ray Scott,1962.0,1970.0,684.0,31.2,14.9,10.5,2.4,0.8,0.8,0.405,0.17600000000000002,0.72,30.8,0.069,PF,0,8.0
219,220.0,Cazzie Russell,1967.0,1978.0,817.0,27.2,15.1,3.8,2.2,0.8,0.1,0.46399999999999997,0.17600000000000002,0.8270000000000001,51.7,0.11199999999999999,PF,0,11.0
220,221.0,Dale Ellis,1984.0,2000.0,1209.0,28.8,15.7,3.5,1.4,0.8,0.2,0.479,0.40299999999999997,0.784,84.7,0.11699999999999999,SG,0,16.0
221,222.0,Reggie Lewis,1988.0,1993.0,450.0,32.6,17.6,4.3,2.6,1.3,0.9,0.488,0.2,0.8240000000000001,38.9,0.127,SF,0,5.0
222,223.0,Richard Hamilton,2000.0,2013.0,921.0,32.1,17.1,3.1,3.4,0.8,0.1,0.449,0.34600000000000003,0.852,62.8,0.102,SF,0,13.0
223,224.0,Michael Redd,2001.0,2012.0,629.0,32.0,19.0,3.8,2.1,0.9,0.1,0.447,0.38,0.838,55.9,0.134,SG,0,11.0
224,225.0,Peja Stojaković,1999.0,2011.0,804.0,33.5,17.0,4.7,1.8,0.9,0.1,0.45,0.401,0.895,82.6,0.147,SF,0,12.0
225,226.0,Latrell Sprewell,1993.0,2005.0,913.0,38.6,18.3,4.1,4.0,1.4,0.4,0.425,0.337,0.804,56.3,0.077,SF,0,12.0
226,227.0,Derek Harper,1984.0,1999.0,1199.0,31.5,13.3,2.4,5.5,1.6,0.3,0.46299999999999997,0.354,0.745,86.8,0.11,PG,0,15.0
227,228.0,Steve Francis,2000.0,2008.0,576.0,37.6,18.1,5.6,6.0,1.5,0.4,0.429,0.341,0.797,54.1,0.12,PG,0,8.0
228,229.0,Mickey Johnson,1975.0,1986.0,904.0,27.7,14.1,7.2,3.0,1.1,0.7,0.449,0.165,0.8,58.6,0.113,PF,0,11.0
229,230.0,Jason Richardson,2002.0,2015.0,857.0,34.1,17.1,5.0,2.7,1.2,0.4,0.43799999999999994,0.37,0.7070000000000001,59.1,0.09699999999999999,SF,0,13.0
230,231.0,Purvis Short,1979.0,1990.0,842.0,29.2,17.3,4.3,2.5,1.0,0.2,0.474,0.282,0.8240000000000001,51.1,0.1,SF,0,11.0
231,232.0,Orlando Woolridge,1982.0,1994.0,851.0,28.3,16.0,4.3,1.9,0.6,0.7,0.513,0.091,0.737,53.0,0.106,PF,0,12.0
232,233.0,Austin Carr,1972.0,1981.0,682.0,28.8,15.4,2.9,2.8,0.8,0.1,0.449,0.154,0.804,32.9,0.08,SG,0,9.0
233,234.0,Max Zaslofsky,1947.0,1956.0,540.0,28.3,14.8,2.8,2.0,1.15,0.2,0.34299999999999997,0.327,0.769,48.3,0.057,SG,0,9.0
234,235.0,Bill Laimbeer,1981.0,1994.0,1068.0,31.8,12.9,9.7,2.0,0.7,0.9,0.498,0.326,0.8370000000000001,105.6,0.149,C,0,13.0
235,236.0,Antawn Jamison,1999.0,2014.0,1083.0,34.8,18.5,7.5,1.6,1.0,0.4,0.451,0.34600000000000003,0.7240000000000001,87.8,0.11199999999999999,SF,0,15.0
236,237.0,Clark Kellogg,1983.0,1987.0,260.0,32.7,18.9,9.5,2.9,1.5,0.4,0.49700000000000005,0.33799999999999997,0.757,20.9,0.11800000000000001,PF,0,4.0
237,238.0,Antoine Walker,1997.0,2008.0,893.0,35.3,17.5,7.7,3.5,1.2,0.5,0.414,0.325,0.633,38.1,0.057999999999999996,PF,0,11.0
238,239.0,Jim McMillian,1971.0,1979.0,631.0,32.1,13.8,5.3,2.5,1.1,0.2,0.48200000000000004,0.3305,0.8320000000000001,46.0,0.109,SF,0,8.0
239,240.0,Truck Robinson,1975.0,1985.0,772.0,32.6,15.5,9.4,1.7,0.7,0.7,0.483,1.0,0.662,52.7,0.10099999999999999,PF,0,10.0
240,241.0,Jeff Ruland,1982.0,1993.0,332.0,33.4,17.4,10.2,3.0,0.8,0.8,0.564,0.158,0.718,34.3,0.149,C,0,11.0
241,242.0,A.C. Green,1986.0,2001.0,1278.0,28.6,9.6,7.4,1.1,0.8,0.4,0.494,0.254,0.7340000000000001,99.5,0.131,PF,0,15.0
242,243.0,Walter Dukes,1956.0,1963.0,553.0,26.5,10.4,11.3,1.1,0.6,1.4,0.369,0.1175,0.7,24.0,0.079,C,0,7.0
243,244.0,Zydrunas Ilgauskas,1998.0,2011.0,843.0,27.2,13.0,7.3,1.1,0.5,1.6,0.47600000000000003,0.31,0.78,66.3,0.139,C,0,13.0
244,245.0,Quinn Buckner,1977.0,1986.0,719.0,22.6,8.2,2.7,4.3,1.9,0.1,0.461,0.184,0.657,24.7,0.073,PG,0,9.0
245,246.0,Glenn Robinson,1995.0,2005.0,688.0,36.8,20.7,6.1,2.7,1.2,0.6,0.45899999999999996,0.34,0.82,39.8,0.075,SF,0,10.0
246,247.0,Bruce Bowen,1997.0,2009.0,873.0,27.6,6.1,2.8,1.2,0.8,0.4,0.409,0.39299999999999996,0.575,42.9,0.086,SF,0,12.0
247,248.0,Detlef Schrempf,1986.0,2001.0,1136.0,29.6,13.9,6.2,3.4,0.8,0.3,0.491,0.384,0.8029999999999999,109.5,0.156,SF,0,15.0
248,249.0,Terry Dischinger,1963.0,1973.0,652.0,27.4,13.8,5.6,1.8,1.0,0.4,0.506,0.3305,0.758,56.3,0.152,SF,0,10.0
249,250.0,Toni Kukoč,1994.0,2006.0,846.0,26.3,11.6,4.2,3.7,1.0,0.3,0.447,0.335,0.7290000000000001,59.6,0.129,SF,0,12.0
250,251.0,Mike Bibby,1999.0,2012.0,1001.0,33.9,14.7,3.1,5.5,1.2,0.1,0.436,0.379,0.802,73.2,0.10400000000000001,PG,0,13.0
251,252.0,Ralph Sampson,1984.0,1992.0,456.0,29.8,15.4,8.8,2.3,0.9,1.6,0.486,0.172,0.6609999999999999,20.1,0.071,PF,1,8.0
252,253.0,Frank Ramsey,1955.0,1964.0,623.0,24.6,13.4,5.5,1.8,1.0,0.4,0.39899999999999997,0.3305,0.804,49.2,0.154,SF,1,9.0
253,254.0,Anthony Mason,1990.0,2003.0,882.0,34.7,10.9,8.3,3.4,0.7,0.3,0.509,0.16699999999999998,0.7090000000000001,88.3,0.138,SF,0,13.0
254,255.0,Andre Miller,2000.0,2016.0,1304.0,30.9,12.5,3.7,6.5,1.2,0.2,0.461,0.217,0.807,100.8,0.12,PG,0,16.0
255,256.0,Happy Hairston,1965.0,1975.0,776.0,31.4,14.8,10.3,1.6,0.8,0.2,0.478,0.3305,0.741,70.0,0.138,SF,0,10.0
256,257.0,Shareef Abdur-Rahim,1997.0,2008.0,830.0,34.8,18.1,7.5,2.5,1.0,0.8,0.47200000000000003,0.297,0.81,71.2,0.11800000000000001,SF,0,11.0
257,258.0,Doug Christie,1993.0,2007.0,827.0,31.5,11.2,4.1,3.6,1.9,0.5,0.426,0.354,0.821,55.7,0.102,SG,0,14.0
258,259.0,Geoff Petrie,1971.0,1976.0,446.0,37.6,21.8,2.8,4.6,1.1,0.1,0.455,0.325,0.805,26.1,0.075,PG,0,5.0
259,260.0,Rony Seikaly,1989.0,1999.0,678.0,31.6,14.7,9.5,1.3,0.7,1.3,0.484,0.188,0.679,37.3,0.084,C,0,10.0
260,261.0,David West,2004.0,2018.0,1034.0,28.2,13.6,6.4,2.2,0.7,0.8,0.495,0.265,0.8170000000000001,85.9,0.141,PF,0,14.0
261,262.0,Eddie Jones,1995.0,2008.0,954.0,34.4,14.8,4.0,2.9,1.7,0.6,0.43700000000000006,0.373,0.809,100.6,0.147,SG,0,13.0
262,263.0,Dan Majerle,1989.0,2002.0,955.0,31.6,11.4,4.5,2.9,1.3,0.4,0.431,0.358,0.741,78.5,0.125,SF,0,13.0
263,264.0,John Lucas,1977.0,1990.0,928.0,27.5,10.7,2.3,7.0,1.4,0.1,0.449,0.303,0.7759999999999999,53.7,0.10099999999999999,PG,0,13.0
264,265.0,Jeff Hornacek,1987.0,2000.0,1077.0,31.5,14.5,3.4,4.9,1.4,0.2,0.496,0.40299999999999997,0.877,108.9,0.154,SG,0,13.0
265,266.0,Dan Roundfield,1977.0,1987.0,746.0,31.4,15.2,9.7,2.2,0.9,1.5,0.485,0.115,0.738,65.2,0.134,PF,0,10.0
266,267.0,Caldwell Jones,1977.0,1990.0,1068.0,24.8,6.2,7.2,1.3,0.4,1.4,0.473,0.065,0.753,44.3,0.08,C,0,13.0
267,268.0,Brian Winters,1975.0,1983.0,650.0,30.7,16.2,2.6,4.1,1.2,0.3,0.475,0.363,0.8420000000000001,38.6,0.09300000000000001,SG,0,8.0
268,269.0,Otis Thorpe,1985.0,2001.0,1257.0,31.7,14.0,8.2,2.2,0.7,0.4,0.546,0.047,0.687,106.4,0.128,PF,0,16.0
269,270.0,Jack Marin,1967.0,1977.0,849.0,29.0,14.8,5.2,2.1,0.5,0.2,0.465,0.3305,0.843,59.3,0.11599999999999999,SF,0,10.0
270,271.0,Terrell Brandon,1992.0,2002.0,724.0,29.8,13.8,3.0,6.1,1.6,0.3,0.44799999999999995,0.355,0.873,65.9,0.147,PG,0,10.0
271,272.0,Clifford Robinson,1990.0,2007.0,1380.0,30.8,14.2,4.6,2.2,1.0,1.0,0.43799999999999994,0.35600000000000004,0.6890000000000001,89.7,0.10099999999999999,SF,0,17.0
272,273.0,Zach Randolph,2002.0,2018.0,1116.0,31.0,16.6,9.1,1.8,0.7,0.3,0.47100000000000003,0.273,0.764,81.1,0.11199999999999999,PF,0,16.0
273,274.0,Scott Wedman,1975.0,1987.0,906.0,28.6,13.2,4.8,2.0,0.9,0.3,0.48100000000000004,0.335,0.794,53.7,0.099,SF,0,12.0
274,275.0,Bob Boozer,1961.0,1971.0,874.0,29.2,14.8,8.1,1.4,0.8,0.8,0.462,0.17600000000000002,0.7609999999999999,64.2,0.121,PF,0,10.0
275,276.0,Rik Smits,1989.0,2000.0,867.0,26.6,14.8,6.1,1.4,0.4,1.3,0.507,0.115,0.773,56.6,0.11800000000000001,C,0,11.0
276,277.0,Vlade Divac,1990.0,2005.0,1134.0,29.8,11.8,8.2,3.1,1.1,1.4,0.495,0.235,0.6920000000000001,96.4,0.13699999999999998,C,1,15.0
277,278.0,Sleepy Floyd,1983.0,1995.0,957.0,27.6,12.8,2.6,5.4,1.2,0.2,0.444,0.324,0.815,50.6,0.092,PG,0,12.0
278,279.0,Doc Rivers,1984.0,1996.0,864.0,27.3,10.9,3.0,5.7,1.8,0.4,0.444,0.32799999999999996,0.784,68.2,0.139,PG,0,12.0
279,280.0,Larry Costello,1955.0,1968.0,706.0,30.0,12.2,3.8,4.6,1.3,0.1,0.43799999999999994,0.325,0.841,62.7,0.142,PG,0,13.0
280,281.0,Xavier McDaniel,1986.0,1998.0,870.0,29.0,15.6,6.1,2.0,0.9,0.5,0.485,0.261,0.718,47.8,0.091,SF,0,12.0
281,282.0,Eddie Johnson,1978.0,1987.0,675.0,29.6,15.1,2.3,5.1,1.1,0.1,0.47600000000000003,0.326,0.7909999999999999,41.0,0.098,SG,0,9.0
282,283.0,Eddie Johnson 2,1982.0,1999.0,1199.0,27.2,16.0,4.0,2.1,0.6,0.2,0.47200000000000003,0.335,0.84,65.6,0.09699999999999999,SF,0,17.0
283,284.0,Bill Cartwright,1980.0,1995.0,963.0,28.5,13.2,6.3,1.4,0.5,0.7,0.525,0.0,0.7709999999999999,72.8,0.127,C,0,15.0
284,285.0,Cliff Robinson,1980.0,1992.0,629.0,30.7,17.2,8.3,2.0,1.0,0.7,0.46799999999999997,0.184,0.722,30.5,0.076,SF,0,12.0
285,286.0,Kenny Sears,1956.0,1964.0,529.0,28.2,13.9,7.8,1.6,0.8,0.8,0.455,0.17600000000000002,0.826,55.8,0.179,PF,0,8.0
286,287.0,Michael Finley,1996.0,2010.0,1103.0,34.4,15.7,4.4,2.9,0.9,0.3,0.444,0.375,0.8109999999999999,85.2,0.10800000000000001,SF,0,14.0
287,288.0,Phil Ford,1979.0,1985.0,482.0,28.0,11.6,1.8,6.4,1.2,0.1,0.467,0.21,0.82,23.3,0.083,PG,0,6.0
288,289.0,Jeff Mullins,1965.0,1976.0,804.0,30.6,16.2,4.3,3.8,0.8,0.2,0.46299999999999997,0.327,0.8140000000000001,62.8,0.12300000000000001,SG,0,11.0
289,290.0,Mel Hutchins,1952.0,1958.0,437.0,37.9,11.1,9.6,3.0,0.6,1.4,0.389,0.1175,0.6729999999999999,27.9,0.081,C,0,6.0
290,291.0,Tom Gugliotta,1993.0,2005.0,763.0,30.9,13.0,7.3,2.8,1.4,0.6,0.451,0.284,0.757,40.2,0.08199999999999999,PF,0,12.0
291,292.0,Nick Van Exel,1994.0,2006.0,880.0,32.9,14.4,2.9,6.6,0.8,0.1,0.405,0.35700000000000004,0.794,55.9,0.09300000000000001,PG,0,12.0
292,293.0,Lucius Allen,1970.0,1979.0,702.0,28.7,13.4,3.1,4.5,1.5,0.3,0.46299999999999997,0.325,0.76,42.0,0.1,PG,0,9.0
293,294.0,Mike Mitchell,1979.0,1988.0,759.0,32.3,19.8,5.6,1.3,0.7,0.5,0.493,0.21600000000000003,0.779,50.2,0.098,SF,0,9.0
294,295.0,Jerry Stackhouse,1996.0,2013.0,970.0,31.2,16.9,3.2,3.3,0.9,0.5,0.409,0.309,0.8220000000000001,52.4,0.083,SG,0,17.0
295,296.0,Don Chaney,1969.0,1980.0,742.0,23.5,8.4,3.9,2.1,1.2,0.5,0.43799999999999994,0.16699999999999998,0.7759999999999999,35.5,0.098,SG,0,11.0
296,297.0,Damon Stoudamire,1996.0,2008.0,878.0,33.2,13.4,3.5,6.1,1.1,0.1,0.406,0.35700000000000004,0.833,55.4,0.091,PG,0,12.0
297,298.0,Glen Rice,1990.0,2004.0,1000.0,35.0,18.3,4.4,2.1,1.0,0.3,0.456,0.4,0.846,88.7,0.122,SF,0,14.0
298,299.0,Kenyon Martin,2001.0,2015.0,757.0,30.6,12.3,6.8,1.9,1.2,1.1,0.483,0.23399999999999999,0.629,48.0,0.1,PF,0,14.0
299,300.0,Calvin Natt,1980.0,1990.0,599.0,31.4,17.2,6.8,2.2,0.9,0.3,0.528,0.21899999999999997,0.768,57.2,0.146,SF,0,10.0
300,301.0,Swen Nater,1977.0,1984.0,489.0,28.4,12.2,10.8,2.0,0.5,0.5,0.537,0.25,0.76,36.9,0.128,C,0,7.0
301,302.0,Rashard Lewis,1999.0,2014.0,1049.0,32.0,14.9,5.2,1.7,1.1,0.5,0.452,0.386,0.805,90.9,0.13,SF,0,15.0
302,303.0,Tom Sanders,1961.0,1973.0,916.0,24.2,9.6,6.3,1.1,1.0,0.4,0.428,0.3305,0.767,56.5,0.122,SF,1,12.0
303,304.0,Sam Lacey,1971.0,1983.0,1002.0,31.8,10.3,9.7,3.7,1.3,1.5,0.441,0.188,0.738,50.9,0.077,C,0,12.0
304,305.0,Fred Brown,1972.0,1984.0,963.0,25.4,14.6,2.7,3.3,1.4,0.2,0.478,0.373,0.858,63.2,0.124,SG,0,12.0
305,306.0,Elmore Smith,1972.0,1979.0,562.0,31.8,13.4,10.6,1.4,0.8,2.9,0.48200000000000004,0.1175,0.579,34.7,0.09300000000000001,C,0,7.0
306,307.0,Joe Barry Carroll,1981.0,1991.0,705.0,32.4,17.7,7.7,1.8,1.0,1.6,0.474,0.0,0.747,35.6,0.075,C,0,10.0
307,308.0,Sam Perkins,1985.0,2001.0,1286.0,28.5,11.9,6.0,1.5,0.9,0.7,0.45899999999999996,0.36200000000000004,0.8109999999999999,105.4,0.138,PF,0,16.0
308,309.0,Dick Barnett,1960.0,1974.0,971.0,29.8,15.8,2.9,2.8,0.2,0.0,0.456,0.327,0.7609999999999999,68.7,0.114,SG,0,14.0
309,310.0,Sean Elliott,1990.0,2001.0,742.0,33.0,14.2,4.3,2.6,0.8,0.4,0.465,0.375,0.799,55.7,0.109,SF,0,11.0
310,311.0,Dick Van Arsdale,1966.0,1977.0,921.0,34.5,16.4,4.1,3.3,0.9,0.2,0.46399999999999997,0.327,0.79,75.2,0.114,SG,0,11.0
311,312.0,Tom Van Arsdale,1966.0,1977.0,929.0,30.9,15.3,4.2,2.2,0.7,0.1,0.431,0.3305,0.762,36.6,0.061,SF,0,11.0
312,313.0,Slick Watts,1974.0,1979.0,437.0,26.3,8.9,3.2,6.1,2.2,0.3,0.413,0.325,0.597,13.8,0.057999999999999996,PG,0,5.0
313,314.0,Tom Meschery,1962.0,1971.0,778.0,30.2,12.7,8.6,1.7,0.8,0.8,0.441,0.17600000000000002,0.745,43.6,0.08900000000000001,PF,0,9.0
314,315.0,Theo Ratliff,1996.0,2011.0,810.0,25.3,7.2,5.7,0.6,0.5,2.4,0.496,0.0,0.71,47.9,0.11199999999999999,C,0,15.0
315,316.0,Kenny Anderson,1992.0,2005.0,858.0,30.1,12.6,3.1,6.1,1.5,0.1,0.42100000000000004,0.34600000000000003,0.79,62.5,0.11599999999999999,PG,0,13.0
316,317.0,Wayman Tisdale,1986.0,1997.0,840.0,28.4,15.3,6.1,1.3,0.6,0.6,0.505,0.0,0.76,45.7,0.092,PF,0,11.0
317,318.0,Ray Williams,1978.0,1987.0,655.0,28.2,15.5,3.6,5.8,1.8,0.3,0.451,0.237,0.802,37.1,0.096,PG,0,9.0
318,319.0,Lionel Hollins,1976.0,1985.0,673.0,27.4,11.6,2.4,4.5,1.6,0.3,0.444,0.149,0.741,22.9,0.059000000000000004,PG,0,9.0
319,320.0,Danny Ainge,1982.0,1995.0,1042.0,26.6,11.5,2.7,4.0,1.1,0.1,0.469,0.37799999999999995,0.846,71.5,0.124,SG,0,13.0
320,321.0,Kenny Smith,1988.0,1997.0,737.0,30.1,12.8,2.0,5.5,1.0,0.1,0.48,0.39899999999999997,0.8290000000000001,46.8,0.10099999999999999,PG,0,9.0
321,322.0,Fred Carter,1970.0,1977.0,611.0,30.0,15.2,3.9,3.5,1.2,0.2,0.425,0.327,0.693,14.8,0.039,SG,0,7.0
322,323.0,Gerald Wallace,2002.0,2015.0,832.0,29.7,11.9,5.8,2.1,1.4,0.8,0.469,0.312,0.7090000000000001,59.7,0.11599999999999999,SF,0,13.0
323,324.0,Caron Butler,2003.0,2016.0,881.0,32.2,14.1,5.0,2.3,1.3,0.2,0.434,0.348,0.847,50.9,0.086,SF,0,13.0
324,325.0,Allan Houston,1994.0,2005.0,839.0,33.7,17.3,2.9,2.4,0.7,0.2,0.444,0.402,0.863,55.3,0.094,SG,0,11.0
325,326.0,Byron Scott,1984.0,1997.0,1073.0,28.1,14.1,2.8,2.5,1.1,0.3,0.48200000000000004,0.37,0.833,75.2,0.12,SG,0,13.0
326,327.0,Ron Harper,1987.0,2001.0,1009.0,30.9,13.8,4.3,3.9,1.7,0.7,0.446,0.289,0.72,65.8,0.10099999999999999,SG,0,14.0
327,328.0,Luke Jackson,1965.0,1972.0,522.0,26.4,9.9,8.8,1.6,0.8,0.8,0.415,0.17600000000000002,0.722,22.3,0.078,PF,0,7.0
328,329.0,Lionel Simmons,1991.0,1997.0,454.0,29.7,12.8,6.2,3.3,1.1,0.8,0.433,0.305,0.7709999999999999,16.9,0.06,SF,0,6.0
329,330.0,Greg Ballard,1978.0,1989.0,802.0,27.5,12.4,6.1,2.2,1.1,0.3,0.47200000000000003,0.33799999999999997,0.787,54.0,0.11699999999999999,SF,0,11.0
330,331.0,Arvydas Sabonis,1996.0,2003.0,470.0,24.2,12.0,7.3,2.1,0.8,1.1,0.5,0.32799999999999996,0.7859999999999999,47.3,0.2,C,1,7.0
331,332.0,Danny Granger,2006.0,2015.0,586.0,31.5,16.8,4.9,1.9,1.0,0.8,0.434,0.38,0.848,48.5,0.126,SF,0,9.0
332,333.0,Andre Iguodala,2005.0,2019.0,1108.0,33.4,12.1,5.1,4.4,1.5,0.5,0.466,0.33299999999999996,0.71,96.4,0.125,SF,0,14.0
333,334.0,Michael Adams,1986.0,1996.0,653.0,31.3,14.7,2.9,6.4,1.7,0.1,0.415,0.332,0.8490000000000001,46.9,0.11,PG,0,10.0
334,335.0,Billy Knight,1977.0,1985.0,671.0,27.4,15.7,4.5,2.1,0.9,0.1,0.506,0.27399999999999997,0.83,48.5,0.126,SF,0,8.0
335,336.0,Ben Gordon,2005.0,2015.0,744.0,27.4,14.9,2.5,2.5,0.7,0.2,0.43200000000000005,0.401,0.857,33.3,0.078,SG,0,10.0
336,337.0,Jay Vincent,1982.0,1990.0,576.0,27.0,15.2,5.5,2.0,0.7,0.3,0.474,0.14800000000000002,0.784,27.5,0.085,SF,0,8.0
337,338.0,Kevin Willis,1985.0,2007.0,1424.0,26.9,12.1,8.4,0.9,0.7,0.5,0.48700000000000004,0.21100000000000002,0.713,81.8,0.102,PF,0,22.0
338,339.0,Jim Chones,1975.0,1982.0,623.0,30.7,12.3,8.3,1.7,0.5,1.0,0.46799999999999997,0.0,0.7040000000000001,37.4,0.094,C,0,7.0
339,340.0,Vinnie Johnson,1980.0,1992.0,984.0,24.7,12.0,3.2,3.3,0.9,0.3,0.46399999999999997,0.254,0.74,50.8,0.1,SG,0,12.0
340,341.0,Roy Tarpley,1987.0,1995.0,280.0,26.7,12.6,10.0,1.0,1.1,1.2,0.483,0.17600000000000002,0.7440000000000001,19.8,0.127,PF,0,8.0
341,342.0,Vin Baker,1994.0,2006.0,791.0,32.5,15.0,7.4,1.9,0.7,1.0,0.485,0.215,0.638,47.0,0.08800000000000001,PF,0,12.0
342,343.0,Darryl Dawkins,1976.0,1989.0,726.0,23.7,12.0,6.1,1.3,0.5,1.4,0.5720000000000001,0.133,0.685,46.4,0.129,C,0,13.0
343,344.0,Jim Jackson,1993.0,2006.0,885.0,32.8,14.3,4.7,3.2,0.8,0.2,0.428,0.365,0.825,35.8,0.059000000000000004,SF,0,13.0
344,345.0,Nick Anderson,1990.0,2002.0,800.0,31.2,14.4,5.1,2.6,1.4,0.5,0.446,0.35600000000000004,0.667,55.3,0.106,SG,0,12.0
345,346.0,Jameer Nelson,2005.0,2018.0,878.0,27.9,11.3,3.0,5.1,0.9,0.1,0.436,0.368,0.81,48.3,0.094,PG,0,13.0
346,347.0,Al Jefferson,2005.0,2018.0,915.0,28.7,15.7,8.4,1.5,0.7,1.2,0.499,0.121,0.711,71.0,0.13,C,0,13.0
347,348.0,Rodney McCray,1984.0,1993.0,768.0,32.4,11.7,6.6,3.6,0.8,0.6,0.503,0.26,0.7609999999999999,56.0,0.10800000000000001,SF,0,9.0
348,349.0,Paul Pressey,1983.0,1993.0,724.0,27.2,10.6,3.9,5.1,1.4,0.6,0.485,0.222,0.7490000000000001,49.0,0.12,SG,0,10.0
349,350.0,Muggsy Bogues,1988.0,2001.0,889.0,28.6,7.7,2.6,7.6,1.5,0.0,0.45799999999999996,0.278,0.8270000000000001,54.0,0.102,PG,0,13.0
350,351.0,Mahmoud Abdul-Rauf,1991.0,2001.0,586.0,26.7,14.6,1.9,3.5,0.8,0.1,0.442,0.354,0.905,25.2,0.077,PG,0,10.0
351,352.0,Campy Russell,1975.0,1985.0,566.0,29.6,15.8,4.8,3.0,1.0,0.2,0.45899999999999996,0.366,0.772,35.8,0.10300000000000001,SF,0,10.0
352,353.0,Monta Ellis,2006.0,2017.0,833.0,34.8,17.8,3.5,4.6,1.7,0.3,0.451,0.314,0.772,41.9,0.069,SG,0,11.0
353,354.0,Nat Clifton,1951.0,1958.0,544.0,30.0,10.0,8.2,2.5,0.8,0.8,0.361,0.17600000000000002,0.633,15.0,0.052000000000000005,PF,0,7.0
354,355.0,Robert Horry,1993.0,2008.0,1107.0,24.5,7.0,4.8,2.1,1.0,0.9,0.425,0.341,0.726,66.3,0.11800000000000001,PF,0,15.0
355,356.0,Steve Smith,1992.0,2005.0,942.0,30.6,14.3,3.2,3.1,0.8,0.3,0.44,0.358,0.845,83.7,0.139,SG,0,13.0
356,357.0,Tayshaun Prince,2003.0,2016.0,1017.0,31.0,11.1,4.3,2.4,0.6,0.5,0.455,0.36700000000000005,0.7559999999999999,63.1,0.096,SF,0,13.0
357,358.0,Sherman Douglas,1990.0,2001.0,765.0,27.6,11.0,2.2,5.9,1.0,0.1,0.484,0.267,0.6779999999999999,32.9,0.075,PG,0,11.0
358,359.0,Walt Hazzard,1965.0,1974.0,724.0,26.5,12.6,3.0,4.9,0.5,0.1,0.441,0.325,0.757,30.3,0.076,PG,0,9.0
359,360.0,Chuck Person,1987.0,2000.0,943.0,30.7,14.7,5.1,2.8,0.7,0.2,0.45799999999999996,0.36200000000000004,0.723,38.9,0.065,SF,0,13.0
360,361.0,Armen Gilliam,1988.0,2000.0,929.0,28.4,13.7,6.9,1.2,0.7,0.7,0.489,0.0,0.7759999999999999,58.1,0.106,PF,0,12.0
361,362.0,John Johnson,1971.0,1982.0,869.0,29.6,12.9,5.5,3.8,0.8,0.4,0.446,0.0,0.779,37.1,0.069,SF,0,11.0
362,363.0,Jalen Rose,1995.0,2007.0,923.0,30.3,14.3,3.5,3.8,0.8,0.3,0.44299999999999995,0.355,0.8009999999999999,47.2,0.081,SF,0,12.0
363,364.0,Scott Skiles,1987.0,1996.0,600.0,28.0,11.1,2.5,6.5,0.8,0.0,0.435,0.379,0.889,30.4,0.087,PG,0,9.0
364,365.0,Flynn Robinson,1967.0,1973.0,494.0,23.4,14.5,2.6,3.1,1.3,0.1,0.456,0.325,0.8490000000000001,31.3,0.13,PG,0,6.0
365,366.0,Ricky Sobers,1976.0,1986.0,821.0,28.0,13.3,2.6,4.3,1.3,0.2,0.45899999999999996,0.29100000000000004,0.843,32.0,0.067,SG,0,10.0
366,367.0,Mike Bantom,1974.0,1982.0,706.0,27.9,12.1,6.4,2.3,0.9,0.7,0.46799999999999997,0.2,0.6920000000000001,34.8,0.085,SF,0,8.0
367,368.0,Ricky Pierce,1983.0,1998.0,969.0,24.4,14.9,2.4,1.9,0.8,0.2,0.493,0.322,0.875,72.2,0.146,SG,0,15.0
368,369.0,John Shumate,1976.0,1981.0,318.0,28.9,12.3,7.5,1.8,1.0,0.7,0.516,0.0,0.72,24.5,0.128,PF,0,5.0
369,370.0,Derek Fisher,1997.0,2014.0,1287.0,25.4,8.3,2.1,3.0,1.1,0.1,0.39899999999999997,0.374,0.8170000000000001,62.3,0.091,PG,0,17.0
370,371.0,John Starks,1989.0,2002.0,866.0,27.2,12.5,2.5,3.6,1.1,0.1,0.41200000000000003,0.34,0.769,49.9,0.102,SG,0,13.0
371,372.0,Antonio McDyess,1996.0,2011.0,1015.0,27.6,12.0,7.5,1.3,0.8,1.1,0.49700000000000005,0.11699999999999999,0.67,69.8,0.11900000000000001,PF,0,15.0
372,373.0,Stephen Jackson,2001.0,2014.0,858.0,31.9,15.1,3.9,3.1,1.3,0.4,0.414,0.33299999999999996,0.7979999999999999,36.1,0.063,SF,0,13.0
373,374.0,Larry Drew,1981.0,1991.0,714.0,25.7,11.4,1.8,5.2,1.1,0.1,0.467,0.29100000000000004,0.7979999999999999,24.4,0.064,PG,0,10.0
374,375.0,Juwan Howard,1995.0,2013.0,1208.0,30.3,13.4,6.1,2.2,0.7,0.3,0.469,0.12,0.764,59.4,0.078,PF,0,18.0
375,376.0,Richard Jefferson,2002.0,2018.0,1181.0,29.0,12.6,4.0,2.0,0.7,0.3,0.46399999999999997,0.376,0.768,83.0,0.11599999999999999,SF,0,16.0
376,377.0,Vern Fleming,1985.0,1996.0,893.0,27.7,11.3,3.4,4.8,1.0,0.1,0.498,0.18100000000000002,0.764,52.0,0.10099999999999999,PG,0,11.0
377,378.0,Steve Stipanovich,1984.0,1988.0,403.0,31.2,13.2,7.8,2.3,1.0,0.9,0.484,0.179,0.7959999999999999,30.4,0.11599999999999999,C,0,4.0
378,379.0,Mark Eaton,1983.0,1993.0,875.0,28.8,6.0,7.9,1.0,0.4,3.5,0.45799999999999996,0.0,0.649,44.8,0.085,C,0,10.0
379,380.0,Jason Terry,2000.0,2018.0,1410.0,29.8,13.4,2.3,3.8,1.1,0.2,0.444,0.38,0.845,102.0,0.11599999999999999,SG,0,18.0
380,381.0,Johnny Dawkins,1987.0,1995.0,541.0,27.5,11.1,2.5,5.5,1.1,0.1,0.456,0.33,0.857,21.8,0.07,PG,0,8.0
381,382.0,Hersey Hawkins,1989.0,2001.0,983.0,32.6,14.7,3.6,2.9,1.7,0.3,0.461,0.39399999999999996,0.87,90.6,0.136,SG,0,12.0
382,383.0,Mychal Thompson,1979.0,1991.0,935.0,29.7,13.7,7.4,2.3,0.7,1.1,0.504,0.083,0.655,59.1,0.102,C,0,12.0
383,384.0,Mike Newlin,1972.0,1982.0,837.0,29.4,14.9,3.0,4.0,1.0,0.1,0.466,0.302,0.87,50.4,0.098,SG,0,10.0
384,385.0,Ray Felix,1954.0,1962.0,637.0,23.8,10.9,8.9,0.7,0.6,1.4,0.41200000000000003,0.1175,0.6779999999999999,39.6,0.125,C,0,8.0
385,386.0,Kevin Loughery,1963.0,1973.0,755.0,29.4,15.3,3.0,3.7,1.15,0.2,0.413,0.327,0.8029999999999999,29.8,0.064,SG,0,10.0
386,387.0,Dick Garmaker,1956.0,1961.0,421.0,28.9,13.3,4.2,2.6,1.15,0.2,0.40299999999999997,0.327,0.787,25.6,0.10099999999999999,SG,0,5.0
387,388.0,Lloyd Neal,1973.0,1979.0,435.0,25.3,11.1,7.7,1.5,0.5,0.9,0.485,0.17600000000000002,0.672,22.7,0.099,PF,0,6.0
388,389.0,Lonnie Shelton,1977.0,1986.0,673.0,27.5,12.0,6.1,2.2,1.1,0.8,0.49200000000000005,0.09699999999999999,0.738,37.5,0.09699999999999999,PF,0,9.0
389,390.0,Larry Smith,1981.0,1993.0,883.0,25.9,6.7,9.2,1.1,0.8,0.5,0.531,0.0,0.531,46.0,0.096,PF,0,12.0
390,391.0,Pooh Richardson,1990.0,1999.0,639.0,30.4,11.1,2.8,6.5,1.3,0.2,0.444,0.32899999999999996,0.652,26.7,0.066,PG,0,9.0
391,392.0,Nate McMillan,1987.0,1998.0,796.0,25.7,5.9,4.0,6.1,1.9,0.4,0.44299999999999995,0.34299999999999997,0.65,50.2,0.11800000000000001,PG,0,11.0
392,393.0,Corey Maggette,2000.0,2013.0,827.0,28.2,16.0,4.9,2.1,0.7,0.2,0.45299999999999996,0.324,0.8220000000000001,62.2,0.128,SF,0,13.0
393,394.0,Junior Bridgeman,1976.0,1987.0,849.0,25.0,13.6,3.5,2.4,0.8,0.3,0.475,0.244,0.846,45.0,0.102,SF,0,11.0
394,395.0,M.L. Carr,1977.0,1985.0,604.0,23.5,9.7,4.3,1.8,1.3,0.4,0.47,0.256,0.746,29.0,0.098,SF,0,8.0
395,396.0,Woody Sauldsberry,1958.0,1966.0,462.0,27.7,10.7,7.8,1.1,0.8,0.8,0.348,0.17600000000000002,0.61,-7.9,-0.03,PF,0,8.0
396,397.0,Steve Johnson,1982.0,1991.0,626.0,21.8,11.7,5.5,1.2,0.5,0.8,0.5720000000000001,0.0,0.634,26.9,0.095,C,0,9.0
397,398.0,Jim Washington,1966.0,1976.0,774.0,29.3,10.6,8.6,1.4,0.5,0.6,0.449,0.17600000000000002,0.705,39.3,0.083,PF,0,10.0
398,399.0,Vernon Maxwell,1989.0,2001.0,855.0,28.4,12.8,2.6,3.4,1.1,0.2,0.39799999999999996,0.32,0.733,27.4,0.054000000000000006,SG,0,12.0
399,400.0,Michael Cage,1985.0,2000.0,1140.0,26.1,7.3,7.6,0.9,0.9,0.6,0.515,0.0,0.664,74.4,0.12,C,0,15.0
400,401.0,Quentin Richardson,2001.0,2013.0,783.0,26.5,10.3,4.7,1.5,0.8,0.2,0.397,0.355,0.718,32.8,0.076,SF,0,12.0
401,402.0,Kermit Washington,1974.0,1988.0,507.0,25.3,9.2,8.3,1.4,0.8,1.1,0.526,0.0,0.6559999999999999,36.0,0.135,PF,0,14.0
402,403.0,Derrick McKey,1988.0,2002.0,937.0,29.1,11.0,4.7,2.4,1.1,0.7,0.486,0.316,0.779,61.8,0.109,SF,0,14.0
403,404.0,Keith Van Horn,1998.0,2006.0,575.0,31.6,16.0,6.8,1.6,0.8,0.5,0.44299999999999995,0.361,0.835,41.7,0.11,SF,0,8.0
404,405.0,Cedric Ceballos,1991.0,2001.0,609.0,24.2,14.3,5.3,1.2,0.7,0.3,0.5,0.309,0.753,40.4,0.132,SF,0,10.0
405,406.0,Michael Brooks,1981.0,1988.0,319.0,29.4,12.8,6.3,2.6,1.2,0.4,0.486,0.152,0.7140000000000001,16.5,0.085,SF,0,7.0
406,407.0,Dale Davis,1992.0,2007.0,1094.0,27.1,8.0,7.9,0.9,0.6,1.2,0.53,0.0,0.562,86.9,0.141,C,0,15.0
407,408.0,Antonio Davis,1994.0,2006.0,903.0,28.9,10.0,7.5,1.1,0.5,1.0,0.44799999999999995,0.087,0.727,59.6,0.11,PF,0,12.0
408,409.0,Christian Laettner,1993.0,2005.0,868.0,29.7,12.8,6.7,2.6,1.1,0.8,0.48,0.261,0.82,64.9,0.121,PF,0,12.0
409,410.0,Ken Norman,1988.0,1997.0,646.0,29.4,13.5,6.1,2.1,0.8,0.7,0.486,0.312,0.5670000000000001,27.1,0.069,SF,0,9.0
410,411.0,Thurl Bailey,1984.0,1999.0,928.0,26.8,12.8,5.1,1.4,0.5,1.2,0.473,0.114,0.812,45.0,0.087,PF,0,15.0
411,412.0,Mike Woodson,1981.0,1991.0,786.0,25.5,14.0,2.3,2.3,1.2,0.3,0.466,0.271,0.813,34.6,0.083,SG,0,10.0
412,413.0,Al Harrington,1999.0,2014.0,981.0,28.6,13.5,5.6,1.7,0.9,0.3,0.444,0.35200000000000004,0.727,42.5,0.073,PF,0,15.0
413,414.0,Andrew Bogut,2006.0,2019.0,706.0,28.1,9.6,8.7,2.2,0.6,1.5,0.535,0.12,0.557,50.6,0.122,C,0,13.0
414,415.0,Kenny Carr,1978.0,1987.0,674.0,25.5,11.6,7.4,1.4,0.7,0.4,0.51,0.079,0.684,33.6,0.094,PF,0,9.0
415,416.0,Don Kojis,1964.0,1975.0,814.0,23.6,12.2,5.6,1.4,0.9,0.2,0.446,0.3305,0.72,35.8,0.08900000000000001,SF,0,11.0
416,417.0,Ron Behagen,1974.0,1980.0,388.0,23.5,10.3,7.0,1.6,0.7,0.4,0.425,0.17600000000000002,0.754,13.0,0.068,PF,0,6.0
417,418.0,Luol Deng,2005.0,2019.0,902.0,34.3,14.8,6.1,2.3,1.0,0.5,0.456,0.332,0.769,74.0,0.115,SF,0,14.0
418,419.0,Brian Grant,1995.0,2006.0,756.0,28.3,10.5,7.4,1.2,0.6,0.7,0.49,0.214,0.746,54.5,0.122,PF,0,11.0
419,420.0,James Edwards,1978.0,1996.0,1168.0,24.3,12.7,5.1,1.3,0.4,0.7,0.495,0.048,0.698,59.7,0.10099999999999999,C,0,18.0
420,421.0,Tyrone Hill,1991.0,2004.0,801.0,28.0,9.4,8.6,0.8,0.8,0.5,0.502,0.0,0.643,56.2,0.12,PF,0,13.0
421,422.0,Jerome Kersey,1985.0,2001.0,1153.0,24.4,10.3,5.5,1.9,1.2,0.7,0.465,0.201,0.69,69.5,0.11900000000000001,SF,0,16.0
422,423.0,Hot Rod Williams,1987.0,1999.0,887.0,29.7,11.0,6.8,1.8,0.8,1.6,0.48,0.105,0.726,70.5,0.129,C,0,12.0
423,424.0,Ernie DiGregorio,1974.0,1978.0,312.0,25.2,9.6,2.0,5.1,0.6,0.0,0.415,0.325,0.902,2.5,0.016,PG,0,4.0
424,425.0,Johnny Davis,1977.0,1986.0,750.0,28.3,12.9,2.0,4.5,0.9,0.2,0.44799999999999995,0.17600000000000002,0.821,38.5,0.087,SG,0,9.0
425,426.0,Bucky Bockhorn,1959.0,1965.0,474.0,31.2,11.5,4.7,3.5,1.15,0.2,0.40299999999999997,0.327,0.748,7.9,0.026000000000000002,SG,0,6.0
426,427.0,Don Nelson,1963.0,1976.0,1053.0,20.6,10.3,4.9,1.4,0.3,0.1,0.48,0.3305,0.765,74.6,0.165,SF,0,13.0
427,428.0,Troy Murphy,2002.0,2013.0,729.0,27.3,10.8,7.8,1.5,0.7,0.4,0.445,0.38799999999999996,0.785,50.3,0.121,PF,0,11.0
428,429.0,Al Attles,1961.0,1971.0,711.0,25.1,8.9,3.5,3.5,1.3,0.1,0.451,0.325,0.632,36.5,0.098,PG,0,10.0
429,430.0,Curtis Rowe,1972.0,1979.0,590.0,31.0,11.6,7.2,1.6,0.5,0.5,0.48200000000000004,0.17600000000000002,0.701,34.1,0.09,PF,0,7.0
430,431.0,Mike Miller,2001.0,2017.0,1032.0,26.9,10.6,4.2,2.6,0.6,0.2,0.45899999999999996,0.40700000000000003,0.769,60.7,0.105,SF,0,16.0
431,432.0,Eddie Miles,1964.0,1972.0,605.0,25.9,13.4,3.1,2.0,1.15,0.2,0.44,0.327,0.747,24.4,0.075,SG,0,8.0
432,433.0,Roy Hinson,1984.0,1991.0,507.0,30.7,14.2,6.8,1.0,0.6,1.7,0.499,0.0,0.741,30.2,0.09300000000000001,SF,0,7.0
433,434.0,Herm Gilliam,1970.0,1977.0,578.0,26.0,10.8,3.8,3.8,1.3,0.2,0.441,0.327,0.792,20.8,0.066,SG,0,7.0
434,435.0,Adrian Smith,1962.0,1971.0,719.0,25.5,11.8,2.2,2.4,1.15,0.2,0.429,0.327,0.836,31.7,0.083,SG,0,9.0
435,436.0,Rex Chapman,1989.0,2000.0,666.0,29.3,14.6,2.5,2.7,0.9,0.2,0.43,0.35,0.8,24.7,0.061,SG,0,11.0
436,437.0,Andrei Kirilenko,2002.0,2015.0,797.0,30.0,11.8,5.5,2.7,1.4,1.8,0.474,0.31,0.754,75.4,0.151,SF,0,13.0
437,438.0,Dave Greenwood,1980.0,1991.0,823.0,28.4,10.2,7.9,2.0,0.7,0.9,0.47700000000000004,0.138,0.765,46.4,0.095,PF,0,11.0
438,439.0,B.J. Armstrong,1990.0,2000.0,747.0,23.8,9.8,1.8,3.3,0.7,0.1,0.47700000000000004,0.425,0.856,45.0,0.121,PG,0,10.0
439,440.0,Jamal Crawford,2001.0,2019.0,1326.0,29.4,14.6,2.2,3.4,0.9,0.2,0.41,0.348,0.862,60.6,0.075,SG,0,18.0
440,441.0,Quintin Dailey,1983.0,1992.0,528.0,23.0,14.1,2.5,2.3,0.9,0.1,0.45399999999999996,0.158,0.779,12.7,0.05,SG,0,9.0
441,442.0,Jim Paxson,1980.0,1990.0,784.0,27.2,14.3,2.0,2.9,1.2,0.1,0.498,0.225,0.807,53.7,0.121,SG,0,10.0
442,443.0,Spud Webb,1986.0,1998.0,814.0,24.9,9.9,2.1,5.3,1.1,0.1,0.452,0.314,0.848,40.2,0.095,PG,0,12.0
443,444.0,Shane Battier,2002.0,2014.0,977.0,30.7,8.6,4.2,1.8,1.0,0.9,0.43700000000000006,0.384,0.743,75.7,0.121,SF,0,12.0
444,445.0,Albert King,1982.0,1992.0,534.0,24.0,12.1,4.2,2.2,0.8,0.4,0.461,0.268,0.7909999999999999,16.3,0.061,SF,0,10.0
445,446.0,Gerald Wilkins,1986.0,1999.0,900.0,29.0,13.0,2.9,3.0,1.0,0.2,0.45,0.316,0.745,33.9,0.062,SG,0,13.0
446,447.0,Sam Bowie,1985.0,1995.0,511.0,27.6,10.9,7.5,2.1,0.5,1.8,0.452,0.302,0.748,26.9,0.091,C,0,10.0
447,448.0,Charles Smith,1989.0,1997.0,564.0,29.0,14.4,5.8,1.4,0.8,1.4,0.475,0.19399999999999998,0.774,40.9,0.12,PF,0,8.0
448,449.0,Josh Howard,2004.0,2013.0,507.0,30.3,14.3,5.7,1.6,1.0,0.5,0.44799999999999995,0.332,0.77,38.0,0.11900000000000001,SF,0,9.0
449,450.0,Dell Curry,1987.0,2002.0,1083.0,21.7,11.7,2.4,1.8,0.9,0.2,0.457,0.402,0.843,41.5,0.085,SG,0,15.0
450,451.0,Zaid Abdul-Aziz,1969.0,1978.0,505.0,21.8,9.0,8.0,1.2,0.6,1.0,0.428,0.1175,0.728,17.5,0.076,C,0,9.0
451,452.0,Emeka Okafor,2005.0,2018.0,616.0,30.9,12.0,9.7,0.8,0.7,1.6,0.512,0.0,0.586,45.3,0.114,C,0,13.0
452,453.0,Kelvin Ransey,1981.0,1986.0,474.0,24.4,11.4,1.9,5.2,1.0,0.1,0.45399999999999996,0.132,0.782,17.9,0.07400000000000001,PG,0,5.0
453,454.0,Hedo Türkoğlu,2001.0,2015.0,997.0,26.8,11.1,4.0,2.8,0.8,0.3,0.426,0.384,0.784,63.3,0.114,SF,0,14.0
454,455.0,Kevin Martin,2005.0,2016.0,714.0,30.2,17.4,3.2,1.9,0.9,0.1,0.43700000000000006,0.384,0.87,61.3,0.13699999999999998,SG,0,11.0
455,456.0,Eric Money,1975.0,1980.0,426.0,25.4,12.2,2.1,3.8,1.2,0.1,0.494,0.325,0.748,14.8,0.065,PG,0,5.0
456,457.0,Jason Williams,1999.0,2011.0,788.0,29.4,10.5,2.3,5.9,1.2,0.1,0.39799999999999996,0.327,0.813,38.5,0.08,PG,0,12.0
457,458.0,David Lee,2006.0,2017.0,829.0,29.3,13.5,8.8,2.2,0.8,0.4,0.535,0.034,0.772,76.0,0.15,PF,0,11.0
458,459.0,Kerry Kittles,1997.0,2005.0,507.0,33.4,14.1,3.9,2.6,1.6,0.4,0.439,0.37799999999999995,0.78,44.8,0.127,SG,0,8.0
459,460.0,Kendall Gill,1991.0,2005.0,966.0,30.5,13.4,4.1,3.0,1.6,0.4,0.434,0.3,0.754,47.8,0.078,SG,0,14.0
460,461.0,Devin Harris,2005.0,2019.0,985.0,24.3,10.8,2.2,3.9,1.0,0.2,0.43200000000000005,0.325,0.7959999999999999,54.9,0.11,PG,0,14.0
461,462.0,Wally Szczerbiak,2000.0,2009.0,651.0,30.8,14.1,4.0,2.4,0.6,0.2,0.485,0.406,0.86,53.3,0.127,SF,0,9.0
462,463.0,Grant Long,1989.0,2003.0,1003.0,28.4,9.5,6.1,1.7,1.2,0.4,0.467,0.28300000000000003,0.7609999999999999,60.1,0.10099999999999999,PF,0,14.0
463,464.0,Billy Owens,1992.0,2001.0,600.0,29.4,11.7,6.7,2.8,0.9,0.5,0.48100000000000004,0.29100000000000004,0.629,28.6,0.078,SF,0,9.0
464,465.0,LaPhonso Ellis,1993.0,2003.0,624.0,28.2,11.9,6.5,1.6,0.7,0.8,0.452,0.302,0.73,32.8,0.08900000000000001,PF,0,10.0
465,466.0,Jay Humphries,1985.0,1995.0,788.0,29.3,11.1,2.5,5.5,1.5,0.1,0.47600000000000003,0.297,0.782,45.0,0.094,PG,0,10.0
466,467.0,Tree Rollins,1978.0,1995.0,1156.0,20.8,5.4,5.8,0.6,0.4,2.2,0.522,0.0,0.7,63.9,0.128,C,0,17.0
467,468.0,Don Buse,1977.0,1985.0,648.0,26.3,6.9,2.3,4.5,1.8,0.1,0.442,0.33299999999999996,0.78,34.9,0.098,PG,0,8.0
468,469.0,Wali Jones,1965.0,1976.0,607.0,23.8,10.1,2.3,3.2,0.4,0.0,0.409,0.325,0.8,14.9,0.049,PG,0,11.0
469,470.0,Larry Hughes,1999.0,2012.0,727.0,30.8,14.1,4.2,3.1,1.5,0.4,0.406,0.309,0.757,32.3,0.069,SG,0,13.0
470,471.0,Marvin Webster,1977.0,1987.0,579.0,22.4,7.1,7.0,1.2,0.4,1.4,0.489,0.33299999999999996,0.617,28.1,0.10400000000000001,C,0,10.0
471,472.0,Jon McGlocklin,1966.0,1976.0,792.0,26.4,11.6,2.4,2.9,0.5,0.1,0.489,0.327,0.845,47.1,0.10800000000000001,SG,0,10.0
472,473.0,Clem Haskins,1968.0,1976.0,681.0,25.9,12.8,3.1,3.5,0.6,0.1,0.449,0.327,0.792,35.8,0.09699999999999999,SG,0,8.0
473,474.0,Gar Heard,1971.0,1981.0,787.0,24.9,8.7,7.5,1.6,1.3,1.3,0.414,0.0,0.654,27.0,0.066,PF,0,10.0
474,475.0,Terry Catledge,1986.0,1993.0,515.0,26.3,12.7,6.4,0.9,0.6,0.2,0.485,0.094,0.654,20.9,0.07400000000000001,PF,0,7.0
475,476.0,Phil Hubbard,1980.0,1989.0,665.0,23.9,10.9,5.3,1.3,0.9,0.1,0.495,0.038,0.706,29.0,0.08800000000000001,SF,0,9.0
476,477.0,Bob Kauffman,1969.0,1975.0,525.0,25.8,11.5,7.0,2.7,0.4,0.1,0.47700000000000004,0.17600000000000002,0.7490000000000001,31.5,0.111,PF,0,6.0
477,478.0,Loy Vaught,1991.0,2001.0,689.0,24.7,10.1,7.1,0.9,0.7,0.3,0.504,0.244,0.718,35.8,0.10099999999999999,PF,0,10.0
478,479.0,Dana Barros,1990.0,2004.0,850.0,22.9,10.5,1.9,3.3,0.9,0.1,0.46,0.41100000000000003,0.858,49.6,0.122,PG,0,14.0
479,480.0,Mitch Kupchak,1977.0,1986.0,510.0,19.4,10.2,5.4,0.7,0.3,0.3,0.523,0.0,0.7040000000000001,27.1,0.131,PF,0,9.0
480,481.0,Elden Campbell,1991.0,2005.0,1044.0,24.7,10.3,5.9,1.1,0.7,1.5,0.46,0.054000000000000006,0.6990000000000001,62.8,0.11699999999999999,C,0,14.0
481,482.0,Robert Reid,1978.0,1991.0,919.0,27.3,11.4,4.5,2.7,1.1,0.4,0.45799999999999996,0.29100000000000004,0.732,40.3,0.077,SF,0,13.0
482,483.0,Clyde Lee,1967.0,1976.0,742.0,26.8,7.7,10.3,1.1,0.4,0.3,0.43200000000000005,0.1175,0.614,33.5,0.081,C,0,9.0
483,484.0,John Long,1979.0,1997.0,893.0,25.4,13.6,2.8,1.9,1.0,0.2,0.467,0.322,0.862,32.0,0.068,SG,0,18.0
484,485.0,Clifford Ray,1972.0,1981.0,784.0,25.4,7.4,8.9,2.2,0.8,1.0,0.524,0.0,0.588,56.7,0.136,C,0,9.0
485,486.0,Manute Bol,1986.0,1995.0,624.0,18.7,2.6,4.2,0.3,0.2,3.3,0.40700000000000003,0.21,0.561,12.3,0.051,C,0,9.0
486,487.0,Joe Graboski,1949.0,1962.0,845.0,30.5,11.0,8.1,1.8,0.8,0.8,0.35200000000000004,0.17600000000000002,0.7,25.5,0.051,PF,0,13.0
487,488.0,Avery Johnson,1989.0,2004.0,1054.0,25.3,8.4,1.7,5.5,1.0,0.1,0.479,0.145,0.706,56.5,0.102,PG,0,15.0
488,489.0,Gene Banks,1982.0,1987.0,468.0,27.9,11.3,5.8,2.9,0.9,0.2,0.539,0.043,0.73,31.2,0.115,SF,0,5.0
489,490.0,Šarūnas Marčiulionis,1990.0,1997.0,363.0,22.4,12.8,2.3,2.2,1.3,0.1,0.505,0.369,0.768,20.0,0.11800000000000001,SG,0,7.0
490,491.0,Reggie Williams,1988.0,1997.0,599.0,26.7,12.5,4.0,2.5,1.3,0.7,0.43700000000000006,0.298,0.784,26.0,0.078,SF,0,9.0
491,492.0,Antoine Carr,1985.0,2000.0,987.0,20.0,9.3,3.4,1.1,0.4,0.9,0.503,0.13,0.78,42.1,0.102,PF,0,15.0
492,493.0,Joe Smith,1996.0,2011.0,1030.0,26.2,10.9,6.4,1.0,0.6,0.8,0.455,0.23800000000000002,0.79,60.3,0.107,PF,0,15.0
493,494.0,P.J. Brown,1994.0,2008.0,1089.0,31.1,9.1,7.7,1.5,0.8,1.0,0.46,0.136,0.794,89.8,0.128,PF,0,14.0
494,495.0,Drew Gooden,2003.0,2016.0,790.0,25.5,11.0,7.1,1.1,0.7,0.6,0.462,0.257,0.76,43.9,0.105,PF,0,13.0
495,496.0,Kevin Duckworth,1987.0,1997.0,684.0,25.5,11.8,5.8,0.9,0.5,0.5,0.46799999999999997,0.20800000000000002,0.736,24.7,0.068,C,0,10.0
496,497.0,Chris Kaman,2004.0,2016.0,735.0,26.7,11.2,7.6,1.3,0.4,1.3,0.489,0.042,0.743,24.6,0.06,C,0,12.0
497,498.0,Cuttino Mobley,1999.0,2009.0,747.0,37.0,16.0,3.9,2.7,1.2,0.4,0.433,0.37799999999999995,0.835,52.2,0.091,SG,0,10.0
498,499.0,David Wesley,1994.0,2007.0,949.0,31.9,12.5,2.5,4.4,1.3,0.2,0.424,0.368,0.7859999999999999,61.3,0.09699999999999999,SG,0,13.0
499,500.0,Pervis Ellison ,1990.0,2001.0,474.0,24.5,9.5,6.7,1.5,0.6,1.6,0.51,0.05,0.6890000000000001,21.8,0.09,C,0,11.0
